video_test_0000004 1.3 1.4333333333333333 24 1.0
video_test_0000004 1.4333333333333333 6.433333333333334 24 1.0
video_test_0000004 21.033333333333335 21.9 24 1.0
video_test_0000004 21.933333333333334 22.033333333333335 24 1.0
video_test_0000004 22.033333333333335 22.2 24 1.0
video_test_0000004 31.066666666666666 32.666666666666664 24 1.0
video_test_0000004 0.36666666666666664 1.0666666666666667 23 1.0
video_test_0000004 20.2 21.3 23 1.0
video_test_0000006 37.86666666666667 39.03333333333333 97 1.0
video_test_0000006 40.666666666666664 41.9 97 1.0
video_test_0000006 46.03333333333333 46.666666666666664 97 1.0
video_test_0000006 49.4 50.766666666666666 97 1.0
video_test_0000006 54.6 55.0 97 1.0
video_test_0000006 61.5 62.2 97 1.0
video_test_0000007 9.266666666666667 10.0 45 1.0
video_test_0000007 18.2 20.0 45 1.0
video_test_0000007 20.3 25.0 45 1.0
video_test_0000007 26.766666666666666 30.0 45 1.0
video_test_0000007 50.86666666666667 55.0 45 1.0
video_test_0000007 60.0 65.0 45 1.0
video_test_0000007 87.8 90.0 45 1.0
video_test_0000007 125.0 130.0 45 1.0
video_test_0000007 138.5 143.46666666666667 45 1.0
video_test_0000007 154.86666666666667 158.46666666666667 45 1.0
video_test_0000007 160.1 163.46666666666667 45 1.0
video_test_0000007 163.9 168.46666666666667 45 1.0
video_test_0000007 172.9 173.46666666666667 45 1.0
video_test_0000007 176.63333333333333 178.46666666666667 45 1.0
video_test_0000007 179.56666666666666 183.46666666666667 45 1.0
video_test_0000007 187.43333333333334 188.46666666666667 45 1.0
video_test_0000007 191.2 193.46666666666667 45 1.0
video_test_0000007 195.7 198.46666666666667 45 1.0
video_test_0000007 200.4 203.46666666666667 45 1.0
video_test_0000007 203.66666666666666 208.46666666666667 45 1.0
video_test_0000007 209.63333333333333 213.46666666666667 45 1.0
video_test_0000007 215.06666666666666 218.46666666666667 45 1.0
video_test_0000007 240.36666666666667 243.46666666666667 45 1.0
video_test_0000007 247.33333333333334 248.46666666666667 45 1.0
video_test_0000007 250.46666666666667 253.46666666666667 45 1.0
video_test_0000007 257.3 258.4666666666667 45 1.0
video_test_0000007 259.23333333333335 263.4666666666667 45 1.0
video_test_0000007 276.0 278.4666666666667 45 1.0
video_test_0000007 281.9 283.4666666666667 45 1.0
video_test_0000007 292.3 293.4666666666667 45 1.0
video_test_0000007 294.3333333333333 298.4666666666667 45 1.0
video_test_0000007 310.6 313.4666666666667 45 1.0
video_test_0000007 317.3666666666667 318.4666666666667 45 1.0
video_test_0000007 320.46666666666664 323.4666666666667 45 1.0
video_test_0000007 325.9 328.4666666666667 45 1.0
video_test_0000007 329.76666666666665 333.4666666666667 45 1.0
video_test_0000007 347.73333333333335 348.4666666666667 45 1.0
video_test_0000007 352.4 353.4666666666667 45 1.0
video_test_0000007 354.0 358.4666666666667 45 1.0
video_test_0000007 360.3666666666667 363.4666666666667 45 1.0
video_test_0000007 371.4 373.4666666666667 45 1.0
video_test_0000007 391.1333333333333 393.4666666666667 45 1.0
video_test_0000007 395.96666666666664 398.4666666666667 45 1.0
video_test_0000007 400.0 403.4666666666667 45 1.0
video_test_0000007 412.2 413.8 45 1.0
video_test_0000007 432.6333333333333 433.8 45 1.0
video_test_0000007 437.46666666666664 438.8 45 1.0
video_test_0000007 447.26666666666665 448.8 45 1.0
video_test_0000007 449.8333333333333 450.6666666666667 45 1.0
video_test_0000007 469.3 470.6666666666667 45 1.0
video_test_0000011 2.8666666666666667 2.933333333333333 79 1.0
video_test_0000011 2.933333333333333 2.966666666666667 79 1.0
video_test_0000011 2.966666666666667 7.966666666666667 79 1.0
video_test_0000011 10.4 12.966666666666667 79 1.0
video_test_0000011 16.0 17.6 79 1.0
video_test_0000011 24.033333333333335 27.6 79 1.0
video_test_0000011 30.633333333333333 32.6 79 1.0
video_test_0000011 32.666666666666664 37.6 79 1.0
video_test_0000011 40.53333333333333 42.6 79 1.0
video_test_0000011 50.96666666666667 52.6 79 1.0
video_test_0000011 52.6 52.86666666666667 79 1.0
video_test_0000011 52.9 57.86666666666667 79 1.0
video_test_0000011 58.63333333333333 59.266666666666666 79 1.0
video_test_0000011 59.333333333333336 64.26666666666667 79 1.0
video_test_0000011 68.2 69.26666666666667 79 1.0
video_test_0000011 69.26666666666667 74.26666666666667 79 1.0
video_test_0000026 38.9 40.0 92 1.0
video_test_0000026 42.733333333333334 43.333333333333336 92 1.0
video_test_0000026 44.9 46.333333333333336 92 1.0
video_test_0000026 48.3 51.333333333333336 92 1.0
video_test_0000026 52.36666666666667 56.333333333333336 92 1.0
video_test_0000026 59.666666666666664 61.333333333333336 92 1.0
video_test_0000026 63.3 66.33333333333334 92 1.0
video_test_0000026 66.76666666666667 67.46666666666667 92 1.0
video_test_0000026 75.56666666666666 77.46666666666667 92 1.0
video_test_0000026 77.93333333333334 79.53333333333333 92 1.0
video_test_0000026 80.8 84.53333333333333 92 1.0
video_test_0000026 85.06666666666666 89.53333333333333 92 1.0
video_test_0000026 89.66666666666667 94.53333333333333 92 1.0
video_test_0000026 94.7 96.3 92 1.0
video_test_0000026 96.3 97.2 92 1.0
video_test_0000026 119.86666666666666 122.2 92 1.0
video_test_0000026 122.66666666666667 124.26666666666667 92 1.0
video_test_0000026 125.7 129.26666666666665 92 1.0
video_test_0000026 141.86666666666667 143.3 92 1.0
video_test_0000026 145.0 148.3 92 1.0
video_test_0000026 151.4 153.0 92 1.0
video_test_0000026 155.06666666666666 156.46666666666667 92 1.0
video_test_0000026 158.1 161.46666666666667 92 1.0
video_test_0000026 161.5 166.46666666666667 92 1.0
video_test_0000026 172.93333333333334 176.46666666666667 92 1.0
video_test_0000026 178.63333333333333 179.8 92 1.0
video_test_0000026 181.8 182.9 92 1.0
video_test_0000026 184.63333333333333 185.9 92 1.0
video_test_0000026 187.73333333333332 190.9 92 1.0
video_test_0000026 192.63333333333333 195.9 92 1.0
video_test_0000026 196.63333333333333 197.33333333333334 92 1.0
video_test_0000026 198.53333333333333 202.33333333333334 92 1.0
video_test_0000026 205.26666666666668 206.66666666666666 92 1.0
video_test_0000028 1.8 5.0 33 1.0
video_test_0000028 8.9 10.0 33 1.0
video_test_0000028 10.366666666666667 11.466666666666667 33 1.0
video_test_0000028 11.766666666666667 16.46666666666667 33 1.0
video_test_0000028 16.733333333333334 21.46666666666667 33 1.0
video_test_0000028 21.566666666666666 26.46666666666667 33 1.0
video_test_0000028 30.066666666666666 31.46666666666667 33 1.0
video_test_0000028 38.333333333333336 41.46666666666667 33 1.0
video_test_0000028 41.9 46.46666666666667 33 1.0
video_test_0000028 46.46666666666667 48.06666666666667 33 1.0
video_test_0000028 48.2 53.06666666666667 33 1.0
video_test_0000028 54.8 56.4 33 1.0
video_test_0000028 56.4 58.0 33 1.0
video_test_0000028 61.4 63.0 33 1.0
video_test_0000028 66.66666666666667 68.23333333333333 33 1.0
video_test_0000028 68.23333333333333 73.23333333333333 33 1.0
video_test_0000028 73.33333333333333 78.23333333333333 33 1.0
video_test_0000028 83.13333333333334 83.23333333333333 33 1.0
video_test_0000028 88.6 93.23333333333333 33 1.0
video_test_0000028 94.5 98.23333333333333 33 1.0
video_test_0000028 100.6 103.23333333333333 33 1.0
video_test_0000028 105.73333333333333 107.33333333333333 33 1.0
video_test_0000028 107.33333333333333 108.93333333333334 33 1.0
video_test_0000028 114.16666666666667 113.93333333333334 33 1.0
video_test_0000028 114.2 118.93333333333334 33 1.0
video_test_0000028 132.3 133.93333333333334 33 1.0
video_test_0000039 1.6333333333333333 2.3 92 1.0
video_test_0000039 5.133333333333334 5.4 92 1.0
video_test_0000039 7.533333333333333 8.766666666666667 92 1.0
video_test_0000039 13.566666666666666 14.0 92 1.0
video_test_0000039 17.3 17.933333333333334 92 1.0
video_test_0000039 49.36666666666667 50.03333333333333 92 1.0
video_test_0000039 50.4 55.03333333333333 92 1.0
video_test_0000039 65.33333333333333 66.56666666666666 92 1.0
video_test_0000039 67.2 67.53333333333333 92 1.0
video_test_0000039 67.53333333333333 68.46666666666667 92 1.0
video_test_0000039 115.66666666666667 116.06666666666666 92 1.0
video_test_0000039 116.1 121.06666666666666 92 1.0
video_test_0000039 125.13333333333334 126.5 92 1.0
video_test_0000039 130.13333333333333 131.5 92 1.0
video_test_0000039 160.4 164.56666666666666 92 1.0
video_test_0000039 167.4 168.5 92 1.0
video_test_0000039 168.53333333333333 169.63333333333333 92 1.0
video_test_0000039 182.1 184.63333333333333 92 1.0
video_test_0000039 197.2 199.63333333333333 92 1.0
video_test_0000039 199.66666666666666 204.63333333333333 92 1.0
video_test_0000039 220.1 223.6 92 1.0
video_test_0000045 3.5 8.233333333333333 93 1.0
video_test_0000045 12.266666666666667 13.233333333333333 93 1.0
video_test_0000045 17.0 18.6 93 1.0
video_test_0000045 20.666666666666668 22.266666666666666 93 1.0
video_test_0000045 39.1 40.36666666666667 93 1.0
video_test_0000045 49.766666666666666 51.36666666666667 93 1.0
video_test_0000045 56.0 57.6 93 1.0
video_test_0000045 61.666666666666664 63.266666666666666 93 1.0
video_test_0000045 68.0 69.6 93 1.0
video_test_0000045 78.63333333333334 79.6 93 1.0
video_test_0000045 81.9 83.5 93 1.0
video_test_0000045 87.76666666666667 88.5 93 1.0
video_test_0000045 99.86666666666666 101.46666666666667 93 1.0
video_test_0000045 102.06666666666666 102.83333333333333 93 1.0
video_test_0000045 110.73333333333333 112.33333333333333 93 1.0
video_test_0000045 113.66666666666667 113.93333333333334 93 1.0
video_test_0000045 123.13333333333334 124.23333333333333 93 1.0
video_test_0000045 132.96666666666667 134.03333333333333 93 1.0
video_test_0000045 138.7 139.03333333333333 93 1.0
video_test_0000045 139.76666666666668 139.93333333333334 93 1.0
video_test_0000045 146.2 147.3 93 1.0
video_test_0000045 150.0 151.0 93 1.0
video_test_0000045 159.33333333333334 162.36666666666667 93 1.0
video_test_0000045 166.66666666666666 168.26666666666668 93 1.0
video_test_0000045 172.43333333333334 174.03333333333333 93 1.0
video_test_0000045 175.6 179.03333333333333 93 1.0
video_test_0000045 184.93333333333334 186.53333333333333 93 1.0
video_test_0000045 190.56666666666666 191.53333333333333 93 1.0
video_test_0000045 194.96666666666667 195.23333333333332 93 1.0
video_test_0000045 195.23333333333332 195.33333333333334 93 1.0
video_test_0000045 202.06666666666666 202.96666666666667 93 1.0
video_test_0000045 224.7 226.3 93 1.0
video_test_0000045 226.53333333333333 231.3 93 1.0
video_test_0000045 20.533333333333335 23.366666666666667 79 1.0
video_test_0000045 33.86666666666667 33.36666666666667 79 1.0
video_test_0000045 37.53333333333333 38.36666666666667 79 1.0
video_test_0000045 46.733333333333334 48.36666666666667 79 1.0
video_test_0000045 52.8 53.36666666666667 79 1.0
video_test_0000045 56.266666666666666 57.86666666666667 79 1.0
video_test_0000045 61.333333333333336 62.93333333333333 79 1.0
video_test_0000045 64.43333333333334 67.93333333333334 79 1.0
video_test_0000045 70.0 72.93333333333334 79 1.0
video_test_0000045 75.63333333333334 77.93333333333334 79 1.0
video_test_0000045 82.1 82.93333333333334 79 1.0
video_test_0000045 83.7 87.93333333333334 79 1.0
video_test_0000045 93.66666666666667 97.93333333333334 79 1.0
video_test_0000045 110.43333333333334 112.93333333333334 79 1.0
video_test_0000045 126.63333333333334 127.93333333333334 79 1.0
video_test_0000045 131.83333333333334 133.43333333333334 79 1.0
video_test_0000045 139.66666666666666 143.43333333333334 79 1.0
video_test_0000045 150.4 151.4 79 1.0
video_test_0000045 158.96666666666667 161.4 79 1.0
video_test_0000045 162.96666666666667 166.4 79 1.0
video_test_0000045 169.56666666666666 171.4 79 1.0
video_test_0000045 184.4 186.4 79 1.0
video_test_0000045 187.8 191.4 79 1.0
video_test_0000045 209.46666666666667 210.06666666666666 79 1.0
video_test_0000045 212.93333333333334 215.06666666666666 79 1.0
video_test_0000045 219.0 220.06666666666666 79 1.0
video_test_0000045 221.83333333333334 225.06666666666666 79 1.0
video_test_0000046 33.5 35.1 33 1.0
video_test_0000046 38.766666666666666 40.36666666666667 33 1.0
video_test_0000046 43.333333333333336 45.36666666666667 33 1.0
video_test_0000046 47.43333333333333 50.36666666666667 33 1.0
video_test_0000046 72.46666666666667 75.36666666666667 33 1.0
video_test_0000046 76.66666666666667 80.36666666666667 33 1.0
video_test_0000046 80.9 82.5 33 1.0
video_test_0000046 82.5 83.43333333333334 33 1.0
video_test_0000046 92.56666666666666 91.93333333333334 33 1.0
video_test_0000046 93.96666666666667 96.93333333333334 33 1.0
video_test_0000046 97.53333333333333 101.93333333333334 33 1.0
video_test_0000046 102.06666666666666 106.93333333333334 33 1.0
video_test_0000046 112.96666666666667 116.93333333333334 33 1.0
video_test_0000046 128.93333333333334 130.1 33 1.0
video_test_0000046 130.43333333333334 135.1 33 1.0
video_test_0000046 148.26666666666668 149.86666666666667 33 1.0
video_test_0000046 150.73333333333332 154.86666666666667 33 1.0
video_test_0000046 155.36666666666667 156.46666666666667 33 1.0
video_test_0000046 170.16666666666666 171.4 33 1.0
video_test_0000051 48.833333333333336 48.233333333333334 12 1.0
video_test_0000051 49.53333333333333 53.233333333333334 12 1.0
video_test_0000051 56.6 58.233333333333334 12 1.0
video_test_0000051 59.36666666666667 63.233333333333334 12 1.0
video_test_0000051 68.23333333333333 69.8 12 1.0
video_test_0000051 70.63333333333334 74.8 12 1.0
video_test_0000051 77.13333333333334 79.8 12 1.0
video_test_0000051 82.46666666666667 84.06666666666666 12 1.0
video_test_0000051 84.63333333333334 89.06666666666666 12 1.0
video_test_0000051 92.3 94.06666666666666 12 1.0
video_test_0000051 97.76666666666667 99.06666666666666 12 1.0
video_test_0000051 107.5 109.1 12 1.0
video_test_0000058 5.7 10.0 21 1.0
video_test_0000058 10.866666666666667 15.0 21 1.0
video_test_0000058 15.0 20.0 21 1.0
video_test_0000058 27.4 30.0 21 1.0
video_test_0000058 37.0 40.0 21 1.0
video_test_0000058 40.0 41.6 21 1.0
video_test_0000058 46.6 51.6 21 1.0
video_test_0000058 53.96666666666667 56.6 21 1.0
video_test_0000058 57.8 61.6 21 1.0
video_test_0000058 81.6 86.6 21 1.0
video_test_0000058 86.6 91.6 21 1.0
video_test_0000058 92.43333333333334 96.6 21 1.0
video_test_0000058 97.1 101.6 21 1.0
video_test_0000062 3.033333333333333 8.0 51 1.0
video_test_0000062 10.533333333333333 13.0 51 1.0
video_test_0000073 4.0 5.0 93 1.0
video_test_0000073 8.233333333333333 10.0 93 1.0
video_test_0000073 10.0 10.6 93 1.0
video_test_0000073 21.6 25.033333333333335 93 1.0
video_test_0000073 35.5 37.1 93 1.0
video_test_0000073 39.8 42.1 93 1.0
video_test_0000073 43.6 45.2 93 1.0
video_test_0000073 53.03333333333333 54.13333333333333 93 1.0
video_test_0000073 60.9 62.5 93 1.0
video_test_0000085 33.6 35.733333333333334 26 1.0
video_test_0000085 43.7 45.733333333333334 26 1.0
video_test_0000085 72.0 75.73333333333333 26 1.0
video_test_0000085 171.73333333333332 175.73333333333335 26 1.0
video_test_0000085 214.23333333333332 213.96666666666667 26 1.0
video_test_0000085 214.23333333333332 218.96666666666667 26 1.0
video_test_0000113 2.8 5.0 33 1.0
video_test_0000113 7.333333333333333 10.0 33 1.0
video_test_0000113 24.833333333333332 25.0 33 1.0
video_test_0000113 32.666666666666664 35.0 33 1.0
video_test_0000113 37.4 40.0 33 1.0
video_test_0000113 40.56666666666667 45.0 33 1.0
video_test_0000113 46.833333333333336 50.0 33 1.0
video_test_0000113 60.5 60.0 33 1.0
video_test_0000113 62.833333333333336 65.0 33 1.0
video_test_0000113 65.0 70.0 33 1.0
video_test_0000113 70.0 75.0 33 1.0
video_test_0000129 3.466666666666667 7.233333333333333 79 1.0
video_test_0000129 10.9 12.233333333333334 79 1.0
video_test_0000129 17.266666666666666 22.233333333333334 79 1.0
video_test_0000129 28.633333333333333 32.233333333333334 79 1.0
video_test_0000129 36.8 37.233333333333334 79 1.0
video_test_0000129 40.53333333333333 41.13333333333333 79 1.0
video_test_0000129 44.7 46.13333333333333 79 1.0
video_test_0000129 58.6 61.13333333333333 79 1.0
video_test_0000129 69.43333333333334 71.13333333333333 79 1.0
video_test_0000129 77.36666666666666 81.13333333333333 79 1.0
video_test_0000129 84.23333333333333 86.13333333333333 79 1.0
video_test_0000129 88.8 91.13333333333333 79 1.0
video_test_0000129 92.0 96.13333333333333 79 1.0
video_test_0000129 113.53333333333333 116.13333333333333 79 1.0
video_test_0000129 128.56666666666666 131.13333333333333 79 1.0
video_test_0000129 147.86666666666667 151.13333333333333 79 1.0
video_test_0000129 163.1 166.1 79 1.0
video_test_0000129 174.06666666666666 176.1 79 1.0
video_test_0000129 176.7 181.1 79 1.0
video_test_0000129 183.96666666666667 186.1 79 1.0
video_test_0000131 20.066666666666666 25.0 22 1.0
video_test_0000131 29.7 30.0 22 1.0
video_test_0000131 30.0 35.0 22 1.0
video_test_0000131 35.0 40.0 22 1.0
video_test_0000131 40.166666666666664 45.0 22 1.0
video_test_0000131 48.3 50.0 22 1.0
video_test_0000131 53.3 55.0 22 1.0
video_test_0000131 55.1 60.0 22 1.0
video_test_0000131 60.43333333333333 65.0 22 1.0
video_test_0000131 66.46666666666667 70.0 22 1.0
video_test_0000131 70.13333333333334 75.0 22 1.0
video_test_0000131 76.26666666666667 80.0 22 1.0
video_test_0000131 89.0 90.0 22 1.0
video_test_0000131 90.0 95.0 22 1.0
video_test_0000131 107.1 109.16666666666666 22 1.0
video_test_0000131 113.56666666666666 114.16666666666666 22 1.0
video_test_0000131 114.16666666666666 119.16666666666666 22 1.0
video_test_0000131 122.36666666666666 124.16666666666666 22 1.0
video_test_0000131 124.63333333333334 129.16666666666666 22 1.0
video_test_0000173 82.33333333333333 85.0 22 1.0
video_test_0000173 95.0 100.0 22 1.0
video_test_0000173 100.0 105.0 22 1.0
video_test_0000173 115.6 120.0 22 1.0
video_test_0000173 120.0 125.0 22 1.0
video_test_0000173 128.73333333333332 130.0 22 1.0
video_test_0000173 132.06666666666666 135.0 22 1.0
video_test_0000173 135.96666666666667 140.0 22 1.0
video_test_0000173 178.63333333333333 180.0 22 1.0
video_test_0000173 180.0 185.0 22 1.0
video_test_0000179 11.233333333333333 12.333333333333334 9 1.0
video_test_0000179 21.433333333333334 23.433333333333334 9 1.0
video_test_0000179 28.433333333333334 29.866666666666667 9 1.0
video_test_0000179 36.53333333333333 40.06666666666667 9 1.0
video_test_0000179 48.4 48.766666666666666 9 1.0
video_test_0000179 51.63333333333333 52.4 9 1.0
video_test_0000179 60.233333333333334 61.53333333333333 9 1.0
video_test_0000179 61.53333333333333 63.13333333333333 9 1.0
video_test_0000179 63.13333333333333 64.36666666666666 9 1.0
video_test_0000179 64.36666666666666 69.36666666666666 9 1.0
video_test_0000179 71.3 71.9 9 1.0
video_test_0000179 80.96666666666667 81.46666666666667 9 1.0
video_test_0000179 90.6 91.13333333333334 9 1.0
video_test_0000179 94.03333333333333 94.93333333333334 9 1.0
video_test_0000179 95.76666666666667 99.93333333333334 9 1.0
video_test_0000179 104.56666666666666 105.66666666666667 9 1.0
video_test_0000179 108.23333333333333 109.56666666666666 9 1.0
video_test_0000179 110.06666666666666 111.5 9 1.0
video_test_0000179 125.13333333333334 129.6 9 1.0
video_test_0000179 132.3 133.53333333333333 9 1.0
video_test_0000179 133.63333333333333 135.03333333333333 9 1.0
video_test_0000179 135.16666666666666 136.43333333333334 9 1.0
video_test_0000179 141.4 142.5 9 1.0
video_test_0000179 144.93333333333334 146.43333333333334 9 1.0
video_test_0000179 149.26666666666668 151.43333333333334 9 1.0
video_test_0000179 154.3 155.4 9 1.0
video_test_0000179 164.36666666666667 165.43333333333334 9 1.0
video_test_0000188 16.6 20.0 40 1.0
video_test_0000188 24.733333333333334 25.0 40 1.0
video_test_0000188 25.866666666666667 30.0 40 1.0
video_test_0000188 97.03333333333333 100.0 40 1.0
video_test_0000188 108.76666666666667 110.0 40 1.0
video_test_0000188 118.7 120.0 40 1.0
video_test_0000188 124.0 125.0 40 1.0
video_test_0000188 165.93333333333334 170.0 40 1.0
video_test_0000188 174.5 175.0 40 1.0
video_test_0000188 270.1 270.0 40 1.0
video_test_0000188 418.43333333333334 420.0 40 1.0
video_test_0000188 475.6 475.0 40 1.0
video_test_0000188 478.6333333333333 480.0 40 1.0
video_test_0000188 485.26666666666665 485.0 40 1.0
video_test_0000188 488.6666666666667 490.0 40 1.0
video_test_0000188 498.6666666666667 500.0 40 1.0
video_test_0000188 500.0 505.0 40 1.0
video_test_0000188 508.4 510.0 40 1.0
video_test_0000188 513.2666666666667 515.0 40 1.0
video_test_0000188 516.5333333333333 520.0 40 1.0
video_test_0000188 521.6 525.0 40 1.0
video_test_0000211 2.3666666666666667 6.966666666666667 97 1.0
video_test_0000211 11.2 11.966666666666667 97 1.0
video_test_0000211 13.233333333333333 16.96666666666667 97 1.0
video_test_0000211 19.3 21.96666666666667 97 1.0
video_test_0000211 34.0 35.16666666666667 97 1.0
video_test_0000211 35.6 35.96666666666667 97 1.0
video_test_0000211 43.8 44.7 97 1.0
video_test_0000211 48.56666666666667 49.8 97 1.0
video_test_0000211 60.63333333333333 61.8 97 1.0
video_test_0000211 72.53333333333333 73.43333333333334 97 1.0
video_test_0000211 78.06666666666666 78.56666666666666 97 1.0
video_test_0000211 80.06666666666666 80.7 97 1.0
video_test_0000211 81.7 83.26666666666667 97 1.0
video_test_0000211 83.56666666666666 83.66666666666667 97 1.0
video_test_0000211 83.7 83.8 97 1.0
video_test_0000211 83.8 88.8 97 1.0
video_test_0000220 39.4 40.0 40 1.0
video_test_0000220 41.6 45.0 40 1.0
video_test_0000220 47.0 50.0 40 1.0
video_test_0000220 54.266666666666666 55.0 40 1.0
video_test_0000220 56.666666666666664 60.0 40 1.0
video_test_0000220 101.4 105.0 40 1.0
video_test_0000220 129.33333333333334 130.0 40 1.0
video_test_0000220 133.0 135.0 40 1.0
video_test_0000220 177.2 180.0 40 1.0
video_test_0000220 181.53333333333333 185.0 40 1.0
video_test_0000220 196.2 200.0 40 1.0
video_test_0000220 212.43333333333334 215.0 40 1.0
video_test_0000220 215.46666666666667 220.0 40 1.0
video_test_0000220 234.43333333333334 235.0 40 1.0
video_test_0000220 235.83333333333334 240.0 40 1.0
video_test_0000220 240.33333333333334 245.0 40 1.0
video_test_0000238 1.4666666666666666 5.0 33 1.0
video_test_0000238 7.0 10.0 33 1.0
video_test_0000238 11.166666666666666 12.766666666666667 33 1.0
video_test_0000238 12.766666666666667 14.366666666666667 33 1.0
video_test_0000238 17.433333333333334 19.366666666666667 33 1.0
video_test_0000238 19.433333333333334 24.366666666666667 33 1.0
video_test_0000238 27.033333333333335 28.633333333333333 33 1.0
video_test_0000238 29.133333333333333 33.63333333333333 33 1.0
video_test_0000238 33.63333333333333 35.233333333333334 33 1.0
video_test_0000238 36.06666666666667 40.233333333333334 33 1.0
video_test_0000238 41.03333333333333 45.233333333333334 33 1.0
video_test_0000238 47.03333333333333 50.233333333333334 33 1.0
video_test_0000238 50.333333333333336 51.93333333333333 33 1.0
video_test_0000238 53.6 56.93333333333333 33 1.0
video_test_0000238 56.93333333333333 58.53333333333333 33 1.0
video_test_0000238 59.03333333333333 63.53333333333333 33 1.0
video_test_0000238 63.56666666666667 68.53333333333333 33 1.0
video_test_0000238 69.7 73.53333333333333 33 1.0
video_test_0000238 73.53333333333333 78.53333333333333 33 1.0
video_test_0000238 80.1 83.53333333333333 33 1.0
video_test_0000238 84.36666666666666 85.96666666666667 33 1.0
video_test_0000238 86.23333333333333 90.96666666666667 33 1.0
video_test_0000238 91.16666666666667 95.96666666666667 33 1.0
video_test_0000238 95.96666666666667 100.96666666666667 33 1.0
video_test_0000242 2.933333333333333 5.0 51 1.0
video_test_0000242 13.466666666666667 13.299999999999999 51 1.0
video_test_0000242 17.733333333333334 18.299999999999997 51 1.0
video_test_0000250 39.733333333333334 40.56666666666667 9 1.0
video_test_0000250 42.53333333333333 43.53333333333333 9 1.0
video_test_0000250 48.03333333333333 48.53333333333333 9 1.0
video_test_0000250 48.53333333333333 49.63333333333333 9 1.0
video_test_0000250 52.53333333333333 54.63333333333333 9 1.0
video_test_0000250 60.4 61.43333333333333 9 1.0
video_test_0000250 63.1 64.0 9 1.0
video_test_0000250 68.43333333333334 69.66666666666667 9 1.0
video_test_0000250 72.36666666666666 73.96666666666667 9 1.0
video_test_0000250 78.56666666666666 78.96666666666667 9 1.0
video_test_0000250 81.2 82.8 9 1.0
video_test_0000250 84.46666666666667 84.73333333333333 9 1.0
video_test_0000250 84.86666666666666 85.36666666666666 9 1.0
video_test_0000250 88.83333333333333 89.43333333333334 9 1.0
video_test_0000250 90.7 91.86666666666666 9 1.0
video_test_0000250 95.83333333333333 97.26666666666667 9 1.0
video_test_0000250 100.23333333333333 101.43333333333334 9 1.0
video_test_0000250 103.1 104.43333333333334 9 1.0
video_test_0000250 108.43333333333334 109.73333333333333 9 1.0
video_test_0000250 109.96666666666667 110.56666666666666 9 1.0
video_test_0000250 115.33333333333333 116.1 9 1.0
video_test_0000250 116.1 121.1 9 1.0
video_test_0000250 121.96666666666667 123.2 9 1.0
video_test_0000250 125.53333333333333 127.13333333333334 9 1.0
video_test_0000250 132.8 133.8 9 1.0
video_test_0000250 135.53333333333333 136.86666666666667 9 1.0
video_test_0000250 140.76666666666668 141.86666666666667 9 1.0
video_test_0000250 145.2 146.86666666666667 9 1.0
video_test_0000250 146.86666666666667 147.1 9 1.0
video_test_0000250 147.4 147.73333333333332 9 1.0
video_test_0000250 152.56666666666666 153.96666666666667 9 1.0
video_test_0000250 154.76666666666668 155.83333333333334 9 1.0
video_test_0000250 158.06666666666666 159.46666666666667 9 1.0
video_test_0000250 164.1 164.8 9 1.0
video_test_0000250 165.86666666666667 166.96666666666667 9 1.0
video_test_0000250 167.1 167.4 9 1.0
video_test_0000250 167.6 172.4 9 1.0
video_test_0000250 205.2 206.16666666666666 9 1.0
video_test_0000250 206.4 211.16666666666666 9 1.0
video_test_0000254 13.966666666666667 16.9 26 1.0
video_test_0000254 23.0 24.6 26 1.0
video_test_0000254 26.733333333333334 29.6 26 1.0
video_test_0000254 33.1 34.6 26 1.0
video_test_0000254 36.166666666666664 37.2 26 1.0
video_test_0000254 39.03333333333333 42.2 26 1.0
video_test_0000254 42.36666666666667 47.2 26 1.0
video_test_0000254 48.96666666666667 52.2 26 1.0
video_test_0000254 54.03333333333333 57.2 26 1.0
video_test_0000254 59.03333333333333 62.2 26 1.0
video_test_0000254 63.06666666666667 67.2 26 1.0
video_test_0000254 68.76666666666667 72.2 26 1.0
video_test_0000254 75.96666666666667 77.2 26 1.0
video_test_0000254 80.13333333333334 82.2 26 1.0
video_test_0000254 82.36666666666666 83.23333333333333 26 1.0
video_test_0000254 83.36666666666666 88.23333333333333 26 1.0
video_test_0000254 90.6 93.23333333333333 26 1.0
video_test_0000254 96.2 98.23333333333333 26 1.0
video_test_0000254 102.06666666666666 103.23333333333333 26 1.0
video_test_0000254 104.1 108.23333333333333 26 1.0
video_test_0000254 108.6 113.23333333333333 26 1.0
video_test_0000254 113.23333333333333 118.23333333333333 26 1.0
video_test_0000254 120.8 123.23333333333333 26 1.0
video_test_0000254 123.76666666666667 125.36666666666666 26 1.0
video_test_0000254 129.4 130.36666666666667 26 1.0
video_test_0000254 131.23333333333332 135.36666666666667 26 1.0
video_test_0000254 136.66666666666666 140.36666666666667 26 1.0
video_test_0000254 140.7 141.3 26 1.0
video_test_0000254 144.0 146.3 26 1.0
video_test_0000254 149.43333333333334 151.3 26 1.0
video_test_0000254 151.3 156.3 26 1.0
video_test_0000254 157.96666666666667 161.3 26 1.0
video_test_0000254 161.66666666666666 166.3 26 1.0
video_test_0000254 167.4 171.3 26 1.0
video_test_0000254 171.3 176.3 26 1.0
video_test_0000254 179.8 181.3 26 1.0
video_test_0000254 181.36666666666667 186.3 26 1.0
video_test_0000254 186.83333333333334 191.3 26 1.0
video_test_0000254 191.36666666666667 196.3 26 1.0
video_test_0000254 196.56666666666666 201.3 26 1.0
video_test_0000254 201.3 206.3 26 1.0
video_test_0000273 26.659966666666666 28.061366666666668 24 1.0
video_test_0000273 68.63523333333333 69.73633333333333 24 1.0
video_test_0000273 1.9686333333333335 7.4741333333333335 23 1.0
video_test_0000273 17.550866666666668 21.811799999999998 23 1.0
video_test_0000273 41.97526666666667 43.076366666666665 23 1.0
video_test_0000278 1.2666666666666666 2.533333333333333 22 1.0
video_test_0000278 13.5 17.53333333333333 22 1.0
video_test_0000278 17.833333333333332 22.53333333333333 22 1.0
video_test_0000278 26.1 27.53333333333333 22 1.0
video_test_0000278 27.6 32.53333333333333 22 1.0
video_test_0000278 34.53333333333333 37.53333333333333 22 1.0
video_test_0000278 40.53333333333333 42.53333333333333 22 1.0
video_test_0000278 43.2 47.53333333333333 22 1.0
video_test_0000278 51.766666666666666 52.53333333333333 22 1.0
video_test_0000278 54.46666666666667 57.53333333333333 22 1.0
video_test_0000278 59.833333333333336 62.53333333333333 22 1.0
video_test_0000278 63.666666666666664 67.53333333333333 22 1.0
video_test_0000278 70.96666666666667 72.53333333333333 22 1.0
video_test_0000278 72.53333333333333 77.53333333333333 22 1.0
video_test_0000278 80.83333333333333 82.53333333333333 22 1.0
video_test_0000278 82.76666666666667 87.53333333333333 22 1.0
video_test_0000278 89.76666666666667 92.53333333333333 22 1.0
video_test_0000278 94.2 97.53333333333333 22 1.0
video_test_0000278 98.8 102.53333333333333 22 1.0
video_test_0000278 103.66666666666667 107.53333333333333 22 1.0
video_test_0000278 109.4 112.53333333333333 22 1.0
video_test_0000278 118.66666666666667 122.53333333333333 22 1.0
video_test_0000278 125.6 127.53333333333333 22 1.0
video_test_0000278 132.53333333333333 137.53333333333333 22 1.0
video_test_0000278 140.3 142.53333333333333 22 1.0
video_test_0000278 142.66666666666666 147.53333333333333 22 1.0
video_test_0000278 149.8 152.53333333333333 22 1.0
video_test_0000278 152.73333333333332 157.53333333333333 22 1.0
video_test_0000278 160.26666666666668 162.53333333333333 22 1.0
video_test_0000278 167.0 167.53333333333333 22 1.0
video_test_0000278 167.53333333333333 172.53333333333333 22 1.0
video_test_0000278 172.53333333333333 177.53333333333333 22 1.0
video_test_0000278 178.1 182.53333333333333 22 1.0
video_test_0000278 182.66666666666666 187.53333333333333 22 1.0
video_test_0000278 188.96666666666667 192.53333333333333 22 1.0
video_test_0000278 207.36666666666667 207.53333333333333 22 1.0
video_test_0000278 209.8 212.53333333333333 22 1.0
video_test_0000285 11.666666666666666 15.0 22 1.0
video_test_0000285 27.466666666666665 30.0 22 1.0
video_test_0000285 47.333333333333336 50.0 22 1.0
video_test_0000285 53.63333333333333 55.0 22 1.0
video_test_0000285 57.733333333333334 60.0 22 1.0
video_test_0000285 60.0 65.0 22 1.0
video_test_0000285 73.4 75.0 22 1.0
video_test_0000285 75.13333333333334 80.0 22 1.0
video_test_0000285 90.0 95.0 22 1.0
video_test_0000285 95.13333333333334 100.0 22 1.0
video_test_0000285 126.7 130.0 22 1.0
video_test_0000285 131.13333333333333 135.0 22 1.0
video_test_0000285 156.46666666666667 160.0 22 1.0
video_test_0000285 160.0 165.0 22 1.0
video_test_0000292 25.166666666666668 26.766666666666666 85 1.0
video_test_0000292 60.166666666666664 61.3 85 1.0
video_test_0000292 66.16666666666667 67.53333333333333 85 1.0
video_test_0000292 67.53333333333333 69.13333333333334 85 1.0
video_test_0000292 69.13333333333334 74.13333333333334 85 1.0
video_test_0000293 53.43333333333333 55.0 45 1.0
video_test_0000293 55.03333333333333 60.0 45 1.0
video_test_0000293 64.16666666666667 65.0 45 1.0
video_test_0000293 67.13333333333334 70.0 45 1.0
video_test_0000293 71.53333333333333 75.0 45 1.0
video_test_0000293 82.43333333333334 85.0 45 1.0
video_test_0000293 86.4 90.0 45 1.0
video_test_0000293 99.7 100.0 45 1.0
video_test_0000293 103.6 105.0 45 1.0
video_test_0000293 106.6 110.0 45 1.0
video_test_0000293 117.86666666666666 118.46666666666667 45 1.0
video_test_0000293 119.7 123.46666666666667 45 1.0
video_test_0000293 127.76666666666667 128.46666666666667 45 1.0
video_test_0000293 128.53333333333333 133.46666666666667 45 1.0
video_test_0000293 143.56666666666666 143.46666666666667 45 1.0
video_test_0000293 147.43333333333334 148.46666666666667 45 1.0
video_test_0000293 149.56666666666666 153.46666666666667 45 1.0
video_test_0000293 163.53333333333333 163.46666666666667 45 1.0
video_test_0000293 166.56666666666666 168.46666666666667 45 1.0
video_test_0000293 183.86666666666667 183.46666666666667 45 1.0
video_test_0000293 184.03333333333333 188.46666666666667 45 1.0
video_test_0000293 192.23333333333332 193.46666666666667 45 1.0
video_test_0000293 196.93333333333334 198.46666666666667 45 1.0
video_test_0000293 210.9 213.46666666666667 45 1.0
video_test_0000293 214.93333333333334 218.46666666666667 45 1.0
video_test_0000293 223.23333333333332 224.43333333333334 45 1.0
video_test_0000308 27.633333333333333 30.0 40 1.0
video_test_0000308 31.266666666666666 35.0 40 1.0
video_test_0000308 42.833333333333336 45.0 40 1.0
video_test_0000308 67.46666666666667 70.0 40 1.0
video_test_0000308 72.13333333333334 75.0 40 1.0
video_test_0000308 77.13333333333334 80.0 40 1.0
video_test_0000308 92.93333333333334 95.0 40 1.0
video_test_0000308 99.93333333333334 100.0 40 1.0
video_test_0000308 102.1 105.0 40 1.0
video_test_0000308 133.76666666666668 135.0 40 1.0
video_test_0000308 139.13333333333333 140.0 40 1.0
video_test_0000308 142.63333333333333 145.0 40 1.0
video_test_0000308 149.3 150.0 40 1.0
video_test_0000308 182.56666666666666 185.0 40 1.0
video_test_0000308 185.53333333333333 190.0 40 1.0
video_test_0000308 199.63333333333333 200.0 40 1.0
video_test_0000308 200.1 205.0 40 1.0
video_test_0000308 239.46666666666667 240.0 40 1.0
video_test_0000319 8.333333333333334 10.133333333333333 93 1.0
video_test_0000319 12.4 12.933333333333334 93 1.0
video_test_0000319 15.933333333333334 16.866666666666667 93 1.0
video_test_0000319 16.933333333333334 18.366666666666667 93 1.0
video_test_0000319 31.2 31.3 93 1.0
video_test_0000319 40.03333333333333 42.233333333333334 93 1.0
video_test_0000319 46.8 49.833333333333336 93 1.0
video_test_0000319 54.03333333333333 55.63333333333333 93 1.0
video_test_0000319 64.66666666666667 64.86666666666666 93 1.0
video_test_0000319 69.7 70.16666666666667 93 1.0
video_test_0000319 79.66666666666667 82.2 93 1.0
video_test_0000319 82.96666666666667 83.56666666666666 93 1.0
video_test_0000319 92.6 94.2 93 1.0
video_test_0000319 99.46666666666667 101.06666666666666 93 1.0
video_test_0000319 102.3 102.9 93 1.0
video_test_0000319 103.33333333333333 104.53333333333333 93 1.0
video_test_0000319 107.53333333333333 108.63333333333334 93 1.0
video_test_0000319 122.86666666666666 123.36666666666666 93 1.0
video_test_0000319 125.8 126.9 93 1.0
video_test_0000319 128.3 129.9 93 1.0
video_test_0000319 131.76666666666668 133.36666666666667 93 1.0
video_test_0000324 26.733333333333334 28.333333333333332 7 1.0
video_test_0000324 40.3 41.9 7 1.0
video_test_0000324 45.13333333333333 46.43333333333333 7 1.0
video_test_0000324 52.333333333333336 53.0 7 1.0
video_test_0000324 60.56666666666667 61.733333333333334 7 1.0
video_test_0000324 120.0 120.93333333333334 7 1.0
video_test_0000324 123.43333333333334 125.93333333333334 7 1.0
video_test_0000353 40.86666666666667 43.5 24 1.0
video_test_0000353 49.333333333333336 49.93333333333333 24 1.0
video_test_0000353 56.63333333333333 60.333333333333336 24 1.0
video_test_0000353 24.7 25.9 23 1.0
video_test_0000353 29.066666666666666 30.9 23 1.0
video_test_0000353 32.766666666666666 33.06666666666667 23 1.0
video_test_0000353 35.56666666666667 36.733333333333334 23 1.0
video_test_0000353 40.03333333333333 41.733333333333334 23 1.0
video_test_0000353 44.9 46.166666666666664 23 1.0
video_test_0000353 48.0 49.6 23 1.0
video_test_0000353 52.1 53.7 23 1.0
video_test_0000353 56.666666666666664 58.7 23 1.0
video_test_0000355 153.13333333333333 155.0 51 1.0
video_test_0000355 238.43333333333334 240.0 51 1.0
video_test_0000355 245.03333333333333 245.0 51 1.0
video_test_0000355 245.03333333333333 250.0 51 1.0
video_test_0000355 522.5333333333333 525.0 51 1.0
video_test_0000355 568.7 570.0 51 1.0
video_test_0000355 588.1666666666666 590.0 51 1.0
video_test_0000357 8.333333333333334 10.0 22 1.0
video_test_0000357 22.0 25.0 22 1.0
video_test_0000357 25.666666666666668 30.0 22 1.0
video_test_0000357 43.93333333333333 45.0 22 1.0
video_test_0000357 45.0 50.0 22 1.0
video_test_0000357 59.666666666666664 60.0 22 1.0
video_test_0000357 63.13333333333333 65.0 22 1.0
video_test_0000357 81.1 85.0 22 1.0
video_test_0000357 87.06666666666666 90.0 22 1.0
video_test_0000357 110.03333333333333 115.0 22 1.0
video_test_0000367 11.0 12.433333333333334 79 1.0
video_test_0000367 55.86666666666667 57.43333333333334 79 1.0
video_test_0000367 58.46666666666667 62.43333333333334 79 1.0
video_test_0000367 65.76666666666667 67.43333333333334 79 1.0
video_test_0000367 70.43333333333334 72.43333333333334 79 1.0
video_test_0000367 81.36666666666666 82.43333333333334 79 1.0
video_test_0000367 84.5 87.43333333333334 79 1.0
video_test_0000367 90.03333333333333 92.43333333333334 79 1.0
video_test_0000367 94.06666666666666 97.43333333333334 79 1.0
video_test_0000367 103.83333333333333 104.76666666666667 79 1.0
video_test_0000367 104.76666666666667 109.76666666666667 79 1.0
video_test_0000367 113.06666666666666 114.76666666666667 79 1.0
video_test_0000367 147.6 148.33333333333331 79 1.0
video_test_0000367 169.5 170.46666666666667 79 1.0
video_test_0000367 173.96666666666667 175.46666666666667 79 1.0
video_test_0000367 189.83333333333334 190.46666666666667 79 1.0
video_test_0000367 194.33333333333334 195.93333333333334 79 1.0
video_test_0000367 199.9 200.93333333333334 79 1.0
video_test_0000367 201.06666666666666 205.93333333333334 79 1.0
video_test_0000367 213.9 215.93333333333334 79 1.0
video_test_0000367 17.166666666666668 18.133333333333333 45 1.0
video_test_0000367 87.16666666666667 87.46666666666667 45 1.0
video_test_0000367 160.53333333333333 162.13333333333333 45 1.0
video_test_0000367 199.86666666666667 200.43333333333334 45 1.0
video_test_0000367 9.4 10.0 40 1.0
video_test_0000367 10.0 15.0 40 1.0
video_test_0000372 6.2 10.0 36 1.0
video_test_0000372 10.133333333333333 15.0 36 1.0
video_test_0000372 16.466666666666665 20.0 36 1.0
video_test_0000372 20.866666666666667 22.466666666666665 36 1.0
video_test_0000372 22.6 27.466666666666665 36 1.0
video_test_0000372 30.066666666666666 32.46666666666667 36 1.0
video_test_0000372 37.166666666666664 37.46666666666667 36 1.0
video_test_0000372 37.7 42.46666666666667 36 1.0
video_test_0000372 46.13333333333333 47.46666666666667 36 1.0
video_test_0000372 52.03333333333333 52.46666666666667 36 1.0
video_test_0000372 53.03333333333333 57.46666666666667 36 1.0
video_test_0000372 58.56666666666667 62.46666666666667 36 1.0
video_test_0000372 64.43333333333334 67.46666666666667 36 1.0
video_test_0000372 68.13333333333334 72.46666666666667 36 1.0
video_test_0000372 79.63333333333334 82.46666666666667 36 1.0
video_test_0000372 84.13333333333334 87.46666666666667 36 1.0
video_test_0000372 89.13333333333334 92.46666666666667 36 1.0
video_test_0000372 92.46666666666667 97.46666666666667 36 1.0
video_test_0000372 97.76666666666667 102.46666666666667 36 1.0
video_test_0000372 105.2 107.46666666666667 36 1.0
video_test_0000372 108.53333333333333 112.46666666666667 36 1.0
video_test_0000372 112.96666666666667 117.46666666666667 36 1.0
video_test_0000372 118.83333333333333 122.46666666666667 36 1.0
video_test_0000372 125.36666666666666 127.46666666666667 36 1.0
video_test_0000372 131.33333333333334 132.46666666666667 36 1.0
video_test_0000372 135.66666666666666 137.46666666666667 36 1.0
video_test_0000372 137.6 142.46666666666667 36 1.0
video_test_0000372 145.06666666666666 147.46666666666667 36 1.0
video_test_0000372 148.26666666666668 152.46666666666667 36 1.0
video_test_0000372 154.2 157.46666666666667 36 1.0
video_test_0000372 157.63333333333333 162.46666666666667 36 1.0
video_test_0000372 162.56666666666666 167.46666666666667 36 1.0
video_test_0000372 167.56666666666666 172.46666666666667 36 1.0
video_test_0000372 173.36666666666667 177.46666666666667 36 1.0
video_test_0000372 178.73333333333332 182.46666666666667 36 1.0
video_test_0000372 182.66666666666666 187.46666666666667 36 1.0
video_test_0000372 187.56666666666666 192.46666666666667 36 1.0
video_test_0000372 192.46666666666667 197.46666666666667 36 1.0
video_test_0000372 200.53333333333333 202.46666666666667 36 1.0
video_test_0000372 202.86666666666667 207.46666666666667 36 1.0
video_test_0000372 207.6 212.46666666666667 36 1.0
video_test_0000372 212.6 217.46666666666667 36 1.0
video_test_0000372 218.16666666666666 222.46666666666667 36 1.0
video_test_0000372 222.66666666666666 227.46666666666667 36 1.0
video_test_0000372 228.4 232.46666666666667 36 1.0
video_test_0000372 233.33333333333334 237.46666666666667 36 1.0
video_test_0000372 240.23333333333332 242.46666666666667 36 1.0
video_test_0000372 244.23333333333332 247.46666666666667 36 1.0
video_test_0000372 247.46666666666667 252.46666666666667 36 1.0
video_test_0000372 253.46666666666667 257.4666666666667 36 1.0
video_test_0000372 260.1 262.4666666666667 36 1.0
video_test_0000372 268.53333333333336 272.4666666666667 36 1.0
video_test_0000372 274.1 277.4666666666667 36 1.0
video_test_0000372 277.6333333333333 282.4666666666667 36 1.0
video_test_0000372 282.4666666666667 287.4666666666667 36 1.0
video_test_0000372 290.43333333333334 292.4666666666667 36 1.0
video_test_0000374 3.3333333333333335 4.133333333333334 92 1.0
video_test_0000374 7.3 8.266666666666667 92 1.0
video_test_0000374 37.1 38.7 92 1.0
video_test_0000374 55.3 58.7 92 1.0
video_test_0000374 59.766666666666666 60.86666666666667 92 1.0
video_test_0000374 61.2 62.8 92 1.0
video_test_0000374 69.3 70.4 92 1.0
video_test_0000374 71.66666666666667 75.4 92 1.0
video_test_0000374 78.06666666666666 80.4 92 1.0
video_test_0000374 88.2 89.8 92 1.0
video_test_0000374 93.63333333333334 94.8 92 1.0
video_test_0000374 95.43333333333334 97.03333333333333 92 1.0
video_test_0000379 10.3103 10.0 51 1.0
video_test_0000379 14.447766666666666 15.0 51 1.0
video_test_0000379 30.5305 30.0 51 1.0
video_test_0000379 33.36666666666667 35.0 51 1.0
video_test_0000379 35.0 40.0 51 1.0
video_test_0000379 44.110733333333336 45.0 51 1.0
video_test_0000379 79.64623333333333 80.0 51 1.0
video_test_0000379 81.41466666666666 85.0 51 1.0
video_test_0000379 89.3893 90.0 51 1.0
video_test_0000379 95.42866666666667 95.0 51 1.0
video_test_0000379 98.23146666666666 100.0 51 1.0
video_test_0000379 100.03326666666666 105.0 51 1.0
video_test_0000379 135.8357 135.0 51 1.0
video_test_0000379 135.86906666666667 140.0 51 1.0
video_test_0000379 181.34783333333334 180.0 51 1.0
video_test_0000379 190.35683333333333 190.0 51 1.0
video_test_0000379 190.2901 195.0 51 1.0
video_test_0000379 205.6054 205.0 51 1.0
video_test_0000379 208.37483333333333 210.0 51 1.0
video_test_0000379 210.0 211.57803333333334 51 1.0
video_test_0000379 235.46856666666667 236.57803333333334 51 1.0
video_test_0000379 245.67876666666666 246.57803333333334 51 1.0
video_test_0000379 247.81423333333333 251.57803333333334 51 1.0
video_test_0000379 261.42783333333335 261.57803333333334 51 1.0
video_test_0000379 292.25863333333336 291.57803333333334 51 1.0
video_test_0000379 292.55893333333336 296.57803333333334 51 1.0
video_test_0000379 306.4728333333333 306.57803333333334 51 1.0
video_test_0000379 310.44346666666667 311.57803333333334 51 1.0
video_test_0000379 311.67803333333336 316.57803333333334 51 1.0
video_test_0000379 324.39073333333334 326.57803333333334 51 1.0
video_test_0000379 350.8505 351.57803333333334 51 1.0
video_test_0000379 366.4327333333333 366.57803333333334 51 1.0
video_test_0000379 368.5682 371.57803333333334 51 1.0
video_test_0000379 379.64593333333335 381.57803333333334 51 1.0
video_test_0000379 385.05133333333333 386.57803333333334 51 1.0
video_test_0000379 437.20343333333335 436.8546666666667 51 1.0
video_test_0000379 437.6705666666667 441.8546666666667 51 1.0
video_test_0000379 451.7513 451.8546666666667 51 1.0
video_test_0000379 457.69056666666665 461.8546666666667 51 1.0
video_test_0000379 470.4032666666667 471.8546666666667 51 1.0
video_test_0000379 472.7055666666667 476.8546666666667 51 1.0
video_test_0000379 488.2210666666667 491.8546666666667 51 1.0
video_test_0000379 496.8964 496.8546666666667 51 1.0
video_test_0000379 500.9671333333333 501.8546666666667 51 1.0
video_test_0000379 503.23606666666666 506.8546666666667 51 1.0
video_test_0000379 542.3418 541.8546666666666 51 1.0
video_test_0000379 543.5096333333333 546.8546666666666 51 1.0
video_test_0000379 558.3244333333333 556.8546666666666 51 1.0
video_test_0000379 561.2607 561.8546666666666 51 1.0
video_test_0000379 586.5526333333333 586.8546666666666 51 1.0
video_test_0000379 587.1198666666667 591.8546666666666 51 1.0
video_test_0000379 601.9346666666667 601.8546666666666 51 1.0
video_test_0000379 605.6717333333333 606.8546666666666 51 1.0
video_test_0000379 606.8546666666666 611.8546666666666 51 1.0
video_test_0000379 657.1565 656.8546666666666 51 1.0
video_test_0000379 661.2606000000001 661.8546666666666 51 1.0
video_test_0000379 662.8288333333334 666.8546666666666 51 1.0
video_test_0000379 682.1481333333334 686.8546666666666 51 1.0
video_test_0000379 694.5605333333333 696.8546666666666 51 1.0
video_test_0000379 761.6942666666666 761.8546666666666 51 1.0
video_test_0000379 765.6649 766.8546666666666 51 1.0
video_test_0000379 774.2735 776.8546666666666 51 1.0
video_test_0000379 781.7810000000001 781.8546666666666 51 1.0
video_test_0000379 781.9144666666667 786.8546666666666 51 1.0
video_test_0000379 806.1720333333334 806.8546666666666 51 1.0
video_test_0000379 816.2154 816.8546666666666 51 1.0
video_test_0000379 824.6571666666666 826.8546666666666 51 1.0
video_test_0000379 826.8546666666666 831.8546666666666 51 1.0
video_test_0000379 833.0989333333333 836.8546666666666 51 1.0
video_test_0000392 17.4 20.0 23 1.0
video_test_0000392 23.3 24.8 23 1.0
video_test_0000392 26.433333333333334 28.033333333333335 23 1.0
video_test_0000392 28.266666666666666 33.03333333333333 23 1.0
video_test_0000392 39.36666666666667 43.03333333333333 23 1.0
video_test_0000392 44.56666666666667 45.666666666666664 23 1.0
video_test_0000392 49.0 50.666666666666664 23 1.0
video_test_0000392 56.4 60.666666666666664 23 1.0
video_test_0000392 65.03333333333333 66.13333333333334 23 1.0
video_test_0000392 67.83333333333333 67.93333333333332 23 1.0
video_test_0000392 68.7 69.96666666666667 23 1.0
video_test_0000392 71.83333333333333 73.43333333333334 23 1.0
video_test_0000392 75.8 76.36666666666666 23 1.0
video_test_0000392 86.23333333333333 87.83333333333333 23 1.0
video_test_0000392 88.86666666666666 92.83333333333333 23 1.0
video_test_0000392 96.53333333333333 97.83333333333333 23 1.0
video_test_0000392 28.666666666666668 29.566666666666666 24 1.0
video_test_0000392 44.833333333333336 46.43333333333333 24 1.0
video_test_0000405 15.266666666666667 17.3 24 1.0
video_test_0000405 36.5 37.1 24 1.0
video_test_0000405 49.166666666666664 52.1 24 1.0
video_test_0000405 56.36666666666667 57.96666666666667 24 1.0
video_test_0000405 61.7 63.3 24 1.0
video_test_0000405 66.13333333333334 66.2 24 1.0
video_test_0000405 75.33333333333333 76.93333333333334 24 1.0
video_test_0000405 76.93333333333334 77.53333333333333 24 1.0
video_test_0000405 79.53333333333333 82.53333333333333 24 1.0
video_test_0000405 91.53333333333333 93.5 24 1.0
video_test_0000405 94.43333333333334 95.03333333333333 24 1.0
video_test_0000405 106.46666666666667 110.03333333333333 24 1.0
video_test_0000405 112.36666666666666 115.03333333333333 24 1.0
video_test_0000405 115.53333333333333 120.03333333333333 24 1.0
video_test_0000405 125.93333333333334 130.03333333333333 24 1.0
video_test_0000405 134.5 134.56666666666666 24 1.0
video_test_0000405 134.56666666666666 139.56666666666666 24 1.0
video_test_0000405 140.53333333333333 142.13333333333333 24 1.0
video_test_0000405 143.66666666666666 144.03333333333333 24 1.0
video_test_0000405 145.66666666666666 149.03333333333333 24 1.0
video_test_0000405 149.7 151.3 24 1.0
video_test_0000405 156.26666666666668 156.6 24 1.0
video_test_0000405 159.03333333333333 161.6 24 1.0
video_test_0000405 164.56666666666666 166.13333333333333 24 1.0
video_test_0000405 169.86666666666667 170.96666666666667 24 1.0
video_test_0000405 174.26666666666668 175.96666666666667 24 1.0
video_test_0000405 178.3 179.4 24 1.0
video_test_0000412 28.866666666666667 30.0 12 1.0
video_test_0000412 31.666666666666668 35.0 12 1.0
video_test_0000412 40.266666666666666 40.86666666666667 12 1.0
video_test_0000412 49.4 50.86666666666667 12 1.0
video_test_0000412 51.86666666666667 55.86666666666667 12 1.0
video_test_0000412 57.46666666666667 60.86666666666667 12 1.0
video_test_0000412 61.166666666666664 65.86666666666667 12 1.0
video_test_0000412 71.66666666666667 73.26666666666667 12 1.0
video_test_0000412 74.06666666666666 74.56666666666666 12 1.0
video_test_0000412 80.0 84.56666666666666 12 1.0
video_test_0000412 103.0 104.6 12 1.0
video_test_0000412 151.4 151.43333333333334 12 1.0
video_test_0000412 165.13333333333333 165.73333333333332 12 1.0
video_test_0000412 169.16666666666666 170.76666666666668 12 1.0
video_test_0000412 170.83333333333334 175.76666666666668 12 1.0
video_test_0000412 175.9 180.76666666666668 12 1.0
video_test_0000412 182.66666666666666 185.76666666666668 12 1.0
video_test_0000413 9.433333333333334 9.933333333333334 31 1.0
video_test_0000413 19.233333333333334 19.466666666666665 31 1.0
video_test_0000413 23.466666666666665 24.2 31 1.0
video_test_0000413 30.0 33.83333333333333 31 1.0
video_test_0000413 36.9 38.83333333333333 31 1.0
video_test_0000423 30.8 32.766666666666666 92 1.0
video_test_0000423 33.96666666666667 37.766666666666666 92 1.0
video_test_0000423 39.36666666666667 40.03333333333333 92 1.0
video_test_0000423 40.03333333333333 40.3 92 1.0
video_test_0000423 58.0 58.766666666666666 92 1.0
video_test_0000423 61.4 63.766666666666666 92 1.0
video_test_0000423 63.9 65.03333333333333 92 1.0
video_test_0000423 120.23333333333333 121.13333333333334 92 1.0
video_test_0000423 122.96666666666667 123.7 92 1.0
video_test_0000423 125.1 126.36666666666666 92 1.0
video_test_0000423 128.46666666666667 128.53333333333333 92 1.0
video_test_0000423 130.53333333333333 131.4 92 1.0
video_test_0000423 131.4 131.5 92 1.0
video_test_0000423 131.5 131.7 92 1.0
video_test_0000423 131.7 132.26666666666668 92 1.0
video_test_0000423 137.63333333333333 138.53333333333333 92 1.0
video_test_0000423 138.53333333333333 143.53333333333333 92 1.0
video_test_0000426 6.166666666666667 10.0 97 1.0
video_test_0000426 11.166666666666666 15.0 97 1.0
video_test_0000426 15.9 16.5 97 1.0
video_test_0000426 34.333333333333336 35.166666666666664 97 1.0
video_test_0000426 35.333333333333336 35.6 97 1.0
video_test_0000426 56.6 57.36666666666667 97 1.0
video_test_0000426 61.43333333333333 62.9 97 1.0
video_test_0000426 66.1 67.16666666666667 97 1.0
video_test_0000426 76.13333333333334 76.86666666666666 97 1.0
video_test_0000426 79.1 79.7 97 1.0
video_test_0000426 83.2 84.3 97 1.0
video_test_0000426 87.06666666666666 87.86666666666666 97 1.0
video_test_0000426 91.43333333333334 92.03333333333333 97 1.0
video_test_0000426 96.66666666666667 97.2 97 1.0
video_test_0000426 99.26666666666667 100.36666666666666 97 1.0
video_test_0000426 113.4 114.66666666666667 97 1.0
video_test_0000426 118.86666666666666 119.46666666666667 97 1.0
video_test_0000426 121.63333333333334 122.4 97 1.0
video_test_0000426 123.96666666666667 125.3 97 1.0
video_test_0000426 136.16666666666666 138.96666666666667 97 1.0
video_test_0000426 142.86666666666667 144.13333333333333 97 1.0
video_test_0000426 144.7 145.3 97 1.0
video_test_0000429 25.7 26.966666666666665 97 1.0
video_test_0000429 36.46666666666667 39.06666666666667 97 1.0
video_test_0000429 40.2 41.8 97 1.0
video_test_0000429 45.333333333333336 46.3 97 1.0
video_test_0000429 49.7 49.8 97 1.0
video_test_0000429 49.93333333333333 51.03333333333333 97 1.0
video_test_0000429 53.766666666666666 56.03333333333333 97 1.0
video_test_0000429 57.46666666666667 59.06666666666667 97 1.0
video_test_0000429 60.63333333333333 61.733333333333334 97 1.0
video_test_0000429 63.46666666666667 65.06666666666666 97 1.0
video_test_0000429 67.8 68.96666666666667 97 1.0
video_test_0000429 71.76666666666667 72.36666666666666 97 1.0
video_test_0000429 77.86666666666666 77.96666666666667 97 1.0
video_test_0000429 80.96666666666667 82.56666666666666 97 1.0
video_test_0000429 99.33333333333333 100.43333333333334 97 1.0
video_test_0000429 104.76666666666667 105.43333333333334 97 1.0
video_test_0000429 105.93333333333334 107.33333333333333 97 1.0
video_test_0000429 108.06666666666666 109.33333333333333 97 1.0
video_test_0000429 111.03333333333333 112.63333333333334 97 1.0
video_test_0000429 116.5 117.63333333333334 97 1.0
video_test_0000429 119.23333333333333 120.33333333333333 97 1.0
video_test_0000429 128.7 129.76666666666668 97 1.0
video_test_0000429 131.3 131.9 97 1.0
video_test_0000437 1.4666666666666666 5.0 22 1.0
video_test_0000437 5.866666666666666 10.0 22 1.0
video_test_0000437 10.666666666666666 15.0 22 1.0
video_test_0000437 17.966666666666665 20.0 22 1.0
video_test_0000437 20.0 25.0 22 1.0
video_test_0000437 25.0 30.0 22 1.0
video_test_0000437 39.86666666666667 40.0 22 1.0
video_test_0000437 40.0 45.0 22 1.0
video_test_0000437 47.166666666666664 50.0 22 1.0
video_test_0000437 53.233333333333334 55.0 22 1.0
video_test_0000437 63.86666666666667 65.0 22 1.0
video_test_0000437 65.86666666666666 70.0 22 1.0
video_test_0000437 87.26666666666667 90.0 22 1.0
video_test_0000437 97.5 100.0 22 1.0
video_test_0000437 104.13333333333334 105.0 22 1.0
video_test_0000437 105.0 110.0 22 1.0
video_test_0000437 110.0 115.0 22 1.0
video_test_0000437 117.9 120.0 22 1.0
video_test_0000437 120.16666666666667 125.0 22 1.0
video_test_0000437 128.5 130.0 22 1.0
video_test_0000437 132.86666666666667 135.0 22 1.0
video_test_0000437 137.96666666666667 140.0 22 1.0
video_test_0000437 142.9 145.0 22 1.0
video_test_0000437 145.0 150.0 22 1.0
video_test_0000437 150.23333333333332 155.0 22 1.0
video_test_0000437 155.3 160.0 22 1.0
video_test_0000437 160.0 165.0 22 1.0
video_test_0000437 169.6 170.0 22 1.0
video_test_0000437 170.0 175.0 22 1.0
video_test_0000437 175.0 180.0 22 1.0
video_test_0000437 183.66666666666666 185.0 22 1.0
video_test_0000437 187.83333333333334 190.0 22 1.0
video_test_0000437 190.0 195.0 22 1.0
video_test_0000442 8.333333333333334 10.0 40 1.0
video_test_0000442 20.0 25.0 40 1.0
video_test_0000442 29.033333333333335 30.0 40 1.0
video_test_0000442 30.5 35.0 40 1.0
video_test_0000442 35.3 40.0 40 1.0
video_test_0000442 46.36666666666667 50.0 40 1.0
video_test_0000442 51.63333333333333 55.0 40 1.0
video_test_0000442 56.233333333333334 60.0 40 1.0
video_test_0000442 63.333333333333336 65.0 40 1.0
video_test_0000442 70.13333333333334 75.0 40 1.0
video_test_0000442 131.73333333333332 135.0 40 1.0
video_test_0000442 136.86666666666667 140.0 40 1.0
video_test_0000443 3.3 5.0 36 1.0
video_test_0000443 7.533333333333333 10.0 36 1.0
video_test_0000443 11.0 15.0 36 1.0
video_test_0000443 23.533333333333335 25.0 36 1.0
video_test_0000443 25.3 30.0 36 1.0
video_test_0000443 30.666666666666668 35.0 36 1.0
video_test_0000443 51.46666666666667 55.0 36 1.0
video_test_0000443 55.266666666666666 60.0 36 1.0
video_test_0000443 66.66666666666667 67.23333333333333 36 1.0
video_test_0000443 73.1 77.23333333333333 36 1.0
video_test_0000443 80.46666666666667 82.23333333333333 36 1.0
video_test_0000443 89.06666666666666 91.26666666666667 36 1.0
video_test_0000443 112.63333333333334 116.26666666666667 36 1.0
video_test_0000443 116.56666666666666 121.26666666666667 36 1.0
video_test_0000443 133.06666666666666 136.26666666666665 36 1.0
video_test_0000443 136.26666666666665 141.26666666666665 36 1.0
video_test_0000443 142.73333333333332 146.26666666666665 36 1.0
video_test_0000443 147.16666666666666 151.26666666666665 36 1.0
video_test_0000443 167.6 171.26666666666665 36 1.0
video_test_0000443 172.43333333333334 176.26666666666665 36 1.0
video_test_0000443 194.66666666666666 196.26666666666665 36 1.0
video_test_0000443 196.4 201.26666666666665 36 1.0
video_test_0000443 209.76666666666668 211.26666666666665 36 1.0
video_test_0000443 214.23333333333332 216.26666666666665 36 1.0
video_test_0000443 237.33333333333334 241.26666666666665 36 1.0
video_test_0000443 243.13333333333333 244.73333333333332 36 1.0
video_test_0000443 244.9 245.83333333333334 36 1.0
video_test_0000443 262.8666666666667 265.83333333333337 36 1.0
video_test_0000443 276.8666666666667 280.83333333333337 36 1.0
video_test_0000444 6.366666666666666 10.0 68 1.0
video_test_0000444 14.266666666666667 15.0 68 1.0
video_test_0000444 19.0 20.0 68 1.0
video_test_0000444 26.033333333333335 30.0 68 1.0
video_test_0000444 39.63333333333333 40.0 68 1.0
video_test_0000444 40.0 45.0 68 1.0
video_test_0000444 51.0 55.0 68 1.0
video_test_0000444 60.03333333333333 60.0 68 1.0
video_test_0000444 60.1 65.0 68 1.0
video_test_0000444 77.83333333333333 80.0 68 1.0
video_test_0000444 82.33333333333333 85.0 68 1.0
video_test_0000444 85.0 90.0 68 1.0
video_test_0000444 96.8 100.0 68 1.0
video_test_0000444 101.83333333333333 105.0 68 1.0
video_test_0000444 113.33333333333333 115.0 68 1.0
video_test_0000444 116.86666666666666 120.0 68 1.0
video_test_0000444 121.9 125.0 68 1.0
video_test_0000444 129.13333333333333 130.0 68 1.0
video_test_0000444 132.5 135.0 68 1.0
video_test_0000444 135.43333333333334 140.0 68 1.0
video_test_0000448 12.933333333333334 15.0 24 1.0
video_test_0000448 17.233333333333334 20.0 24 1.0
video_test_0000448 26.466666666666665 30.0 24 1.0
video_test_0000448 31.466666666666665 35.0 24 1.0
video_test_0000448 39.06666666666667 40.0 24 1.0
video_test_0000448 42.7 44.3 24 1.0
video_test_0000448 46.266666666666666 49.3 24 1.0
video_test_0000448 50.46666666666667 50.666666666666664 24 1.0
video_test_0000448 51.166666666666664 52.766666666666666 24 1.0
video_test_0000448 56.833333333333336 57.766666666666666 24 1.0
video_test_0000448 61.333333333333336 62.166666666666664 24 1.0
video_test_0000448 65.93333333333334 67.53333333333333 24 1.0
video_test_0000448 67.56666666666666 68.23333333333333 24 1.0
video_test_0000450 9.966666666666667 10.5 97 1.0
video_test_0000450 13.333333333333334 14.0 97 1.0
video_test_0000461 2.066666666666667 7.333333333333333 26 1.0
video_test_0000461 7.6 10.3 26 1.0
video_test_0000461 15.133333333333333 15.3 26 1.0
video_test_0000461 20.733333333333334 20.3 26 1.0
video_test_0000461 20.7 25.3 26 1.0
video_test_0000461 29.233333333333334 30.3 26 1.0
video_test_0000461 30.433333333333334 32.03333333333333 26 1.0
video_test_0000461 32.03333333333333 37.03333333333333 26 1.0
video_test_0000461 43.03333333333333 43.266666666666666 26 1.0
video_test_0000461 43.43333333333333 44.93333333333333 26 1.0
video_test_0000461 52.36666666666667 54.93333333333333 26 1.0
video_test_0000461 68.93333333333334 69.93333333333334 26 1.0
video_test_0000461 69.93333333333334 74.93333333333334 26 1.0
video_test_0000461 79.9 79.93333333333334 26 1.0
video_test_0000461 79.96666666666667 84.93333333333334 26 1.0
video_test_0000461 90.43333333333334 89.93333333333334 26 1.0
video_test_0000461 95.56666666666666 97.16666666666667 26 1.0
video_test_0000461 98.73333333333333 102.16666666666667 26 1.0
video_test_0000461 117.13333333333334 117.16666666666667 26 1.0
video_test_0000461 117.16666666666667 122.16666666666667 26 1.0
video_test_0000464 25.166666666666668 30.0 68 1.0
video_test_0000464 30.666666666666668 35.0 68 1.0
video_test_0000464 36.06666666666667 40.0 68 1.0
video_test_0000464 40.2 45.0 68 1.0
video_test_0000464 51.03333333333333 55.0 68 1.0
video_test_0000464 55.53333333333333 60.0 68 1.0
video_test_0000464 60.7 65.0 68 1.0
video_test_0000464 76.46666666666667 80.0 68 1.0
video_test_0000464 81.8 85.0 68 1.0
video_test_0000464 86.26666666666667 90.0 68 1.0
video_test_0000464 90.0 95.0 68 1.0
video_test_0000464 96.53333333333333 100.0 68 1.0
video_test_0000464 101.73333333333333 105.0 68 1.0
video_test_0000464 107.0 110.0 68 1.0
video_test_0000464 110.63333333333334 115.0 68 1.0
video_test_0000464 115.0 120.0 68 1.0
video_test_0000464 124.63333333333334 125.0 68 1.0
video_test_0000464 126.56666666666666 130.0 68 1.0
video_test_0000464 131.66666666666666 135.0 68 1.0
video_test_0000464 137.06666666666666 140.0 68 1.0
video_test_0000464 140.13333333333333 145.0 68 1.0
video_test_0000464 147.9 150.0 68 1.0
video_test_0000464 150.0 155.0 68 1.0
video_test_0000464 156.43333333333334 160.0 68 1.0
video_test_0000464 173.83333333333334 175.0 68 1.0
video_test_0000464 176.13333333333333 180.0 68 1.0
video_test_0000464 180.0 185.0 68 1.0
video_test_0000464 187.66666666666666 190.0 68 1.0
video_test_0000464 200.0 205.0 68 1.0
video_test_0000464 205.0 210.0 68 1.0
video_test_0000464 210.83333333333334 215.0 68 1.0
video_test_0000464 215.0 220.0 68 1.0
video_test_0000464 221.8 225.0 68 1.0
video_test_0000464 227.06666666666666 230.0 68 1.0
video_test_0000464 231.43333333333334 235.0 68 1.0
video_test_0000464 235.0 240.0 68 1.0
video_test_0000464 240.0 245.0 68 1.0
video_test_0000464 251.7 255.0 68 1.0
video_test_0000464 257.23333333333335 260.0 68 1.0
video_test_0000464 260.3333333333333 265.0 68 1.0
video_test_0000464 265.0 270.0 68 1.0
video_test_0000464 270.3 275.0 68 1.0
video_test_0000464 277.4 280.0 68 1.0
video_test_0000464 285.8666666666667 290.0 68 1.0
video_test_0000464 290.0 295.0 68 1.0
video_test_0000464 295.0 300.0 68 1.0
video_test_0000464 307.3333333333333 310.0 68 1.0
video_test_0000464 312.6333333333333 315.0 68 1.0
video_test_0000464 315.53333333333336 320.0 68 1.0
video_test_0000464 322.43333333333334 325.0 68 1.0
video_test_0000464 325.0 330.0 68 1.0
video_test_0000464 331.3 335.0 68 1.0
video_test_0000464 335.2 340.0 68 1.0
video_test_0000464 353.7 355.0 68 1.0
video_test_0000464 360.0 365.0 68 1.0
video_test_0000464 365.73333333333335 370.0 68 1.0
video_test_0000464 370.0 375.0 68 1.0
video_test_0000464 381.2 385.0 68 1.0
video_test_0000464 385.96666666666664 390.0 68 1.0
video_test_0000464 393.56666666666666 395.0 68 1.0
video_test_0000464 395.26666666666665 400.0 68 1.0
video_test_0000464 400.1666666666667 405.0 68 1.0
video_test_0000464 408.96666666666664 410.0 68 1.0
video_test_0000464 410.3666666666667 415.0 68 1.0
video_test_0000464 415.8 420.0 68 1.0
video_test_0000464 420.1666666666667 425.0 68 1.0
video_test_0000464 439.53333333333336 440.0 68 1.0
video_test_0000464 440.1333333333333 445.0 68 1.0
video_test_0000464 450.1333333333333 455.0 68 1.0
video_test_0000464 456.06666666666666 460.0 68 1.0
video_test_0000464 460.1 465.0 68 1.0
video_test_0000464 467.8 470.0 68 1.0
video_test_0000464 470.76666666666665 475.0 68 1.0
video_test_0000464 478.5 480.0 68 1.0
video_test_0000464 480.1333333333333 485.0 68 1.0
video_test_0000464 487.0 490.0 68 1.0
video_test_0000464 493.3666666666667 495.0 68 1.0
video_test_0000464 495.0 500.0 68 1.0
video_test_0000464 506.7 510.0 68 1.0
video_test_0000464 510.1333333333333 515.0 68 1.0
video_test_0000464 537.4333333333333 540.0 68 1.0
video_test_0000464 540.0 545.0 68 1.0
video_test_0000464 548.7666666666667 550.0 68 1.0
video_test_0000464 550.5666666666667 555.0 68 1.0
video_test_0000464 555.0 560.0 68 1.0
video_test_0000464 560.1 565.0 68 1.0
video_test_0000464 565.0 570.0 68 1.0
video_test_0000464 613.2666666666667 615.0 68 1.0
video_test_0000464 616.3666666666667 620.0 68 1.0
video_test_0000464 626.0 630.0 68 1.0
video_test_0000464 633.6666666666666 635.0 68 1.0
video_test_0000464 640.1333333333333 645.0 68 1.0
video_test_0000464 658.0333333333333 660.0 68 1.0
video_test_0000464 662.0 665.0 68 1.0
video_test_0000464 665.0 670.0 68 1.0
video_test_0000464 670.0333333333333 675.0 68 1.0
video_test_0000464 678.0333333333333 680.0 68 1.0
video_test_0000464 680.0 685.0 68 1.0
video_test_0000464 685.0 690.0 68 1.0
video_test_0000504 10.133333333333333 15.0 21 1.0
video_test_0000504 15.0 20.0 21 1.0
video_test_0000504 20.0 25.0 21 1.0
video_test_0000504 35.13333333333333 36.56666666666666 21 1.0
video_test_0000504 36.56666666666667 41.56666666666666 21 1.0
video_test_0000504 41.56666666666667 46.56666666666666 21 1.0
video_test_0000505 60.333333333333336 64.23333333333333 21 1.0
video_test_0000505 78.7 79.23333333333333 21 1.0
video_test_0000505 79.6 84.23333333333333 21 1.0
video_test_0000505 84.4 89.23333333333333 21 1.0
video_test_0000505 92.33333333333333 94.23333333333333 21 1.0
video_test_0000505 94.23333333333333 99.23333333333333 21 1.0
video_test_0000505 104.9 109.23333333333333 21 1.0
video_test_0000505 115.06666666666666 116.66666666666667 21 1.0
video_test_0000505 117.56666666666666 119.16666666666667 21 1.0
video_test_0000505 129.86666666666667 134.16666666666669 21 1.0
video_test_0000505 134.33333333333334 139.16666666666669 21 1.0
video_test_0000505 179.16666666666669 184.16666666666669 21 1.0
video_test_0000505 185.8 189.16666666666669 21 1.0
video_test_0000538 2.4 4.3 40 1.0
video_test_0000538 6.633333333333334 9.3 40 1.0
video_test_0000538 38.1 39.3 40 1.0
video_test_0000538 41.1 44.3 40 1.0
video_test_0000538 45.9 49.3 40 1.0
video_test_0000538 53.46666666666667 54.3 40 1.0
video_test_0000538 62.3 64.3 40 1.0
video_test_0000538 87.66666666666667 89.3 40 1.0
video_test_0000538 96.8 99.3 40 1.0
video_test_0000538 102.93333333333334 104.3 40 1.0
video_test_0000538 107.5 109.3 40 1.0
video_test_0000538 127.3 129.3 40 1.0
video_test_0000538 135.03333333333333 134.3 40 1.0
video_test_0000538 135.06666666666666 139.3 40 1.0
video_test_0000538 150.5 149.3 40 1.0
video_test_0000538 152.66666666666666 154.3 40 1.0
video_test_0000538 163.5 164.3 40 1.0
video_test_0000538 165.86666666666667 169.3 40 1.0
video_test_0000541 2.033333333333333 5.0 85 1.0
video_test_0000541 5.0 10.0 85 1.0
video_test_0000549 10.8 12.033333333333333 23 1.0
video_test_0000549 14.266666666666667 15.6 23 1.0
video_test_0000549 28.133333333333333 29.466666666666665 23 1.0
video_test_0000549 29.466666666666665 30.9 23 1.0
video_test_0000549 35.9 36.9 23 1.0
video_test_0000549 37.13333333333333 38.233333333333334 23 1.0
video_test_0000549 38.4 39.0 23 1.0
video_test_0000549 43.9 45.5 23 1.0
video_test_0000549 46.06666666666667 47.166666666666664 23 1.0
video_test_0000549 48.666666666666664 49.46666666666667 23 1.0
video_test_0000549 54.8 54.46666666666667 23 1.0
video_test_0000549 54.53333333333333 56.13333333333333 23 1.0
video_test_0000549 12.2 14.166666666666666 24 1.0
video_test_0000549 20.133333333333333 21.633333333333333 24 1.0
video_test_0000549 23.6 25.2 24 1.0
video_test_0000549 32.666666666666664 35.2 24 1.0
video_test_0000549 37.833333333333336 38.56666666666667 24 1.0
video_test_0000549 55.833333333333336 56.93333333333333 24 1.0
video_test_0000549 57.06666666666667 57.13333333333333 24 1.0
video_test_0000556 3.533333333333333 8.266666666666667 12 1.0
video_test_0000556 10.766666666666667 13.266666666666667 12 1.0
video_test_0000556 18.166666666666668 18.266666666666666 12 1.0
video_test_0000556 20.633333333333333 23.266666666666666 12 1.0
video_test_0000556 28.7 30.2 12 1.0
video_test_0000556 33.36666666666667 35.2 12 1.0
video_test_0000556 36.2 37.8 12 1.0
video_test_0000556 42.1 42.8 12 1.0
video_test_0000556 45.56666666666667 47.8 12 1.0
video_test_0000556 50.666666666666664 51.766666666666666 12 1.0
video_test_0000556 52.0 56.766666666666666 12 1.0
video_test_0000556 57.733333333333334 61.766666666666666 12 1.0
video_test_0000556 65.03333333333333 66.76666666666667 12 1.0
video_test_0000558 32.46666666666667 35.0 12 1.0
video_test_0000558 39.733333333333334 42.06666666666667 12 1.0
video_test_0000558 42.06666666666667 43.666666666666664 12 1.0
video_test_0000558 45.53333333333333 48.666666666666664 12 1.0
video_test_0000558 49.2 50.8 12 1.0
video_test_0000558 63.03333333333333 64.63333333333334 12 1.0
video_test_0000558 65.76666666666667 69.63333333333334 12 1.0
video_test_0000558 71.06666666666666 74.63333333333334 12 1.0
video_test_0000558 79.0 79.63333333333334 12 1.0
video_test_0000558 80.03333333333333 80.63333333333334 12 1.0
video_test_0000558 87.06666666666666 87.66666666666667 12 1.0
video_test_0000558 88.43333333333334 92.66666666666667 12 1.0
video_test_0000558 93.56666666666666 97.66666666666667 12 1.0
video_test_0000558 101.23333333333333 102.83333333333333 12 1.0
video_test_0000558 105.1 107.83333333333333 12 1.0
video_test_0000558 110.0 110.26666666666667 12 1.0
video_test_0000558 110.5 115.26666666666667 12 1.0
video_test_0000558 116.63333333333334 120.26666666666667 12 1.0
video_test_0000558 124.93333333333334 126.53333333333333 12 1.0
video_test_0000558 126.66666666666667 131.53333333333333 12 1.0
video_test_0000558 131.86666666666667 136.53333333333333 12 1.0
video_test_0000558 137.06666666666666 141.53333333333333 12 1.0
video_test_0000558 145.8 146.53333333333333 12 1.0
video_test_0000558 146.63333333333333 147.3 12 1.0
video_test_0000558 147.46666666666667 148.56666666666666 12 1.0
video_test_0000558 149.26666666666668 153.56666666666666 12 1.0
video_test_0000558 162.63333333333333 165.36666666666667 12 1.0
video_test_0000558 167.23333333333332 170.36666666666667 12 1.0
video_test_0000558 170.93333333333334 175.36666666666667 12 1.0
video_test_0000558 178.06666666666666 180.36666666666667 12 1.0
video_test_0000558 186.06666666666666 187.66666666666666 12 1.0
video_test_0000558 187.86666666666667 192.66666666666666 12 1.0
video_test_0000558 193.73333333333332 197.66666666666666 12 1.0
video_test_0000560 9.533333333333333 10.0 9 1.0
video_test_0000560 19.866666666666667 20.6 9 1.0
video_test_0000560 35.53333333333333 36.233333333333334 9 1.0
video_test_0000560 36.266666666666666 41.233333333333334 9 1.0
video_test_0000569 13.5 15.966666666666667 23 1.0
video_test_0000569 20.933333333333334 25.1 23 1.0
video_test_0000569 35.5 37.1 23 1.0
video_test_0000569 39.0 40.6 23 1.0
video_test_0000569 49.13333333333333 50.733333333333334 23 1.0
video_test_0000569 3.7333333333333334 5.866666666666666 24 1.0
video_test_0000569 16.366666666666667 17.3 24 1.0
video_test_0000569 17.3 17.4 24 1.0
video_test_0000569 48.1 49.7 24 1.0
video_test_0000569 50.0 51.3 24 1.0
video_test_0000569 65.46666666666667 66.56666666666666 24 1.0
video_test_0000569 66.8 71.56666666666666 24 1.0
video_test_0000577 5.766666666666667 9.366666666666667 12 1.0
video_test_0000577 29.933333333333334 34.36666666666667 12 1.0
video_test_0000577 39.13333333333333 40.733333333333334 12 1.0
video_test_0000577 44.0 45.1 12 1.0
video_test_0000577 46.3 50.1 12 1.0
video_test_0000577 53.233333333333334 55.1 12 1.0
video_test_0000577 56.766666666666666 57.86666666666667 12 1.0
video_test_0000577 63.43333333333333 62.86666666666667 12 1.0
video_test_0000577 66.53333333333333 67.86666666666667 12 1.0
video_test_0000577 95.2 96.8 12 1.0
video_test_0000577 100.03333333333333 101.63333333333334 12 1.0
video_test_0000577 104.13333333333334 106.63333333333334 12 1.0
video_test_0000577 107.9 111.63333333333334 12 1.0
video_test_0000577 114.2 114.76666666666667 12 1.0
video_test_0000577 117.93333333333334 119.53333333333333 12 1.0
video_test_0000577 122.8 124.4 12 1.0
video_test_0000577 126.36666666666666 131.23333333333335 12 1.0
video_test_0000591 4.537866666666667 7.240566666666667 85 1.0
video_test_0000591 10.410400000000001 12.012 85 1.0
video_test_0000591 12.012 17.012 85 1.0
video_test_0000591 22.922900000000002 27.012 85 1.0
video_test_0000591 29.462766666666667 32.012 85 1.0
video_test_0000593 2.066666666666667 5.0 79 1.0
video_test_0000593 10.066666666666666 10.0 79 1.0
video_test_0000593 27.733333333333334 30.0 79 1.0
video_test_0000601 10.666666666666666 12.266666666666667 9 1.0
video_test_0000601 15.933333333333334 17.533333333333335 9 1.0
video_test_0000601 18.2 22.533333333333335 9 1.0
video_test_0000601 25.5 27.066666666666666 9 1.0
video_test_0000601 35.8 37.06666666666666 9 1.0
video_test_0000601 39.733333333333334 40.666666666666664 9 1.0
video_test_0000601 43.86666666666667 45.46666666666667 9 1.0
video_test_0000601 45.766666666666666 47.36666666666667 9 1.0
video_test_0000601 49.36666666666667 52.36666666666667 9 1.0
video_test_0000601 54.46666666666667 56.06666666666667 9 1.0
video_test_0000601 72.1 73.7 9 1.0
video_test_0000601 73.83333333333333 78.7 9 1.0
video_test_0000601 80.96666666666667 82.06666666666666 9 1.0
video_test_0000601 82.06666666666666 83.16666666666667 9 1.0
video_test_0000601 83.2 88.16666666666667 9 1.0
video_test_0000601 101.4 103.0 9 1.0
video_test_0000601 103.23333333333333 108.0 9 1.0
video_test_0000601 130.0 131.56666666666666 9 1.0
video_test_0000601 131.6 132.7 9 1.0
video_test_0000601 134.1 135.2 9 1.0
video_test_0000601 137.3 140.2 9 1.0
video_test_0000601 140.23333333333332 141.83333333333334 9 1.0
video_test_0000601 145.9 147.03333333333333 9 1.0
video_test_0000601 148.6 150.2 9 1.0
video_test_0000601 150.2 151.7 9 1.0
video_test_0000601 151.83333333333334 156.7 9 1.0
video_test_0000601 196.76666666666668 198.26666666666668 9 1.0
video_test_0000601 198.26666666666668 199.86666666666667 9 1.0
video_test_0000601 220.9 222.1 9 1.0
video_test_0000601 222.76666666666668 224.03333333333333 9 1.0
video_test_0000601 224.16666666666666 225.26666666666668 9 1.0
video_test_0000601 229.86666666666667 231.46666666666667 9 1.0
video_test_0000601 231.6 232.53333333333333 9 1.0
video_test_0000601 233.46666666666667 237.53333333333333 9 1.0
video_test_0000601 240.43333333333334 241.76666666666668 9 1.0
video_test_0000601 243.66666666666666 245.16666666666666 9 1.0
video_test_0000601 247.1 250.16666666666666 9 1.0
video_test_0000601 250.76666666666668 252.36666666666667 9 1.0
video_test_0000601 253.2 257.3666666666667 9 1.0
video_test_0000601 258.46666666666664 259.4 9 1.0
video_test_0000601 261.06666666666666 262.06666666666666 9 1.0
video_test_0000601 263.6 265.2 9 1.0
video_test_0000601 269.1 270.7 9 1.0
video_test_0000601 271.26666666666665 275.7 9 1.0
video_test_0000601 278.76666666666665 279.8666666666667 9 1.0
video_test_0000601 279.8666666666667 281.43333333333334 9 1.0
video_test_0000601 281.43333333333334 283.03333333333336 9 1.0
video_test_0000601 286.5 287.46666666666664 9 1.0
video_test_0000601 292.43333333333334 293.1 9 1.0
video_test_0000601 293.3666666666667 298.1 9 1.0
video_test_0000601 306.0 307.6 9 1.0
video_test_0000601 311.1 312.6 9 1.0
video_test_0000601 314.53333333333336 317.6 9 1.0
video_test_0000601 321.76666666666665 322.8666666666667 9 1.0
video_test_0000601 323.8 325.4 9 1.0
video_test_0000601 325.9 327.5 9 1.0
video_test_0000601 327.53333333333336 332.5 9 1.0
video_test_0000601 339.3333333333333 340.73333333333335 9 1.0
video_test_0000601 340.73333333333335 345.73333333333335 9 1.0
video_test_0000601 408.76666666666665 409.53333333333336 9 1.0
video_test_0000601 410.8666666666667 412.2 9 1.0
video_test_0000601 413.46666666666664 414.7 9 1.0
video_test_0000601 418.46666666666664 419.7 9 1.0
video_test_0000601 420.56666666666666 422.1666666666667 9 1.0
video_test_0000602 3.1 5.0 26 1.0
video_test_0000602 7.433333333333334 10.0 26 1.0
video_test_0000602 11.5 15.0 26 1.0
video_test_0000602 15.966666666666667 20.0 26 1.0
video_test_0000602 22.2 25.0 26 1.0
video_test_0000602 25.166666666666668 30.0 26 1.0
video_test_0000602 33.03333333333333 35.0 26 1.0
video_test_0000602 35.6 40.0 26 1.0
video_test_0000602 42.63333333333333 44.233333333333334 26 1.0
video_test_0000602 44.233333333333334 49.233333333333334 26 1.0
video_test_0000602 56.06666666666667 59.233333333333334 26 1.0
video_test_0000602 60.36666666666667 64.23333333333333 26 1.0
video_test_0000602 64.33333333333333 69.23333333333333 26 1.0
video_test_0000602 69.9 74.23333333333333 26 1.0
video_test_0000602 74.86666666666666 79.23333333333333 26 1.0
video_test_0000602 81.16666666666667 84.23333333333333 26 1.0
video_test_0000602 85.7 89.23333333333333 26 1.0
video_test_0000602 89.73333333333333 94.23333333333333 26 1.0
video_test_0000602 97.0 99.23333333333333 26 1.0
video_test_0000602 100.93333333333334 104.23333333333333 26 1.0
video_test_0000602 104.33333333333333 109.23333333333333 26 1.0
video_test_0000602 109.3 114.23333333333333 26 1.0
video_test_0000602 121.1 124.23333333333333 26 1.0
video_test_0000602 127.43333333333334 129.23333333333335 26 1.0
video_test_0000602 133.1 134.23333333333335 26 1.0
video_test_0000602 134.23333333333335 139.23333333333335 26 1.0
video_test_0000602 141.0 144.23333333333335 26 1.0
video_test_0000602 144.23333333333335 149.23333333333335 26 1.0
video_test_0000602 151.63333333333333 154.23333333333335 26 1.0
video_test_0000602 154.9 159.23333333333335 26 1.0
video_test_0000602 160.53333333333333 164.23333333333335 26 1.0
video_test_0000602 164.4 169.23333333333335 26 1.0
video_test_0000602 171.56666666666666 174.23333333333335 26 1.0
video_test_0000602 177.1 179.23333333333335 26 1.0
video_test_0000602 179.23333333333335 184.23333333333335 26 1.0
video_test_0000602 185.2 189.23333333333335 26 1.0
video_test_0000602 189.23333333333335 194.23333333333335 26 1.0
video_test_0000611 39.43333333333333 43.1 33 1.0
video_test_0000611 47.93333333333333 48.1 33 1.0
video_test_0000611 60.43333333333333 62.03333333333333 33 1.0
video_test_0000611 65.03333333333333 67.03333333333333 33 1.0
video_test_0000611 71.13333333333334 72.03333333333333 33 1.0
video_test_0000611 76.3 77.9 33 1.0
video_test_0000611 78.0 82.9 33 1.0
video_test_0000611 82.9 87.9 33 1.0
video_test_0000611 89.56666666666666 92.9 33 1.0
video_test_0000611 101.36666666666666 102.9 33 1.0
video_test_0000611 106.26666666666667 107.9 33 1.0
video_test_0000611 110.06666666666666 112.9 33 1.0
video_test_0000611 113.03333333333333 117.9 33 1.0
video_test_0000611 118.0 122.9 33 1.0
video_test_0000611 125.23333333333333 126.83333333333333 33 1.0
video_test_0000611 127.4 131.83333333333331 33 1.0
video_test_0000611 131.83333333333331 133.4 33 1.0
video_test_0000611 146.56666666666666 148.7 33 1.0
video_test_0000611 148.83333333333334 153.7 33 1.0
video_test_0000611 153.7 158.7 33 1.0
video_test_0000611 158.7 163.7 33 1.0
video_test_0000615 8.166666666666666 8.7 97 1.0
video_test_0000615 10.533333333333333 11.733333333333333 97 1.0
video_test_0000615 12.966666666666667 13.666666666666666 97 1.0
video_test_0000615 15.366666666666667 15.866666666666667 97 1.0
video_test_0000615 19.833333333333332 20.866666666666667 97 1.0
video_test_0000615 21.866666666666667 25.866666666666667 97 1.0
video_test_0000615 27.466666666666665 28.866666666666667 97 1.0
video_test_0000615 31.233333333333334 32.8 97 1.0
video_test_0000615 33.9 35.03333333333333 97 1.0
video_test_0000615 35.03333333333333 40.03333333333333 97 1.0
video_test_0000615 43.833333333333336 45.03333333333333 97 1.0
video_test_0000615 48.166666666666664 49.266666666666666 97 1.0
video_test_0000615 52.56666666666667 52.66666666666667 97 1.0
video_test_0000615 57.833333333333336 62.66666666666667 97 1.0
video_test_0000615 83.5 84.7 97 1.0
video_test_0000615 87.3 89.7 97 1.0
video_test_0000615 98.36666666666666 99.3 97 1.0
video_test_0000615 100.36666666666666 101.96666666666667 97 1.0
video_test_0000615 103.06666666666666 104.66666666666667 97 1.0
video_test_0000615 113.26666666666667 114.86666666666666 97 1.0
video_test_0000615 117.23333333333333 118.46666666666667 97 1.0
video_test_0000615 118.56666666666666 123.46666666666667 97 1.0
video_test_0000615 127.66666666666667 129.26666666666668 97 1.0
video_test_0000615 131.23333333333332 132.8 97 1.0
video_test_0000615 132.83333333333334 134.43333333333334 97 1.0
video_test_0000615 136.93333333333334 139.43333333333334 97 1.0
video_test_0000615 142.66666666666666 144.26666666666668 97 1.0
video_test_0000615 152.6 154.2 97 1.0
video_test_0000615 154.86666666666667 156.46666666666667 97 1.0
video_test_0000615 156.6 158.2 97 1.0
video_test_0000615 158.23333333333332 163.2 97 1.0
video_test_0000615 165.76666666666668 167.36666666666667 97 1.0
video_test_0000615 170.93333333333334 172.36666666666667 97 1.0
video_test_0000615 173.63333333333333 173.83333333333334 97 1.0
video_test_0000615 196.43333333333334 197.03333333333333 97 1.0
video_test_0000615 199.0 199.33333333333334 97 1.0
video_test_0000615 200.33333333333334 200.66666666666666 97 1.0
video_test_0000615 201.83333333333334 201.93333333333334 97 1.0
video_test_0000617 7.566666666666666 10.0 21 1.0
video_test_0000617 55.2 60.0 21 1.0
video_test_0000617 62.3 65.0 21 1.0
video_test_0000617 91.93333333333334 95.0 21 1.0
video_test_0000617 112.73333333333333 115.0 21 1.0
video_test_0000617 122.9 124.2 21 1.0
video_test_0000617 126.5 129.2 21 1.0
video_test_0000617 129.2 130.76666666666668 21 1.0
video_test_0000617 130.76666666666668 132.36666666666667 21 1.0
video_test_0000617 132.36666666666667 133.93333333333334 21 1.0
video_test_0000617 137.66666666666666 138.93333333333334 21 1.0
video_test_0000617 145.03333333333333 148.93333333333334 21 1.0
video_test_0000617 149.6 153.93333333333334 21 1.0
video_test_0000617 154.43333333333334 156.03333333333333 21 1.0
video_test_0000617 159.53333333333333 160.63333333333333 21 1.0
video_test_0000617 165.63333333333333 170.63333333333333 21 1.0
video_test_0000617 170.63333333333333 175.63333333333333 21 1.0
video_test_0000617 176.4 180.63333333333333 21 1.0
video_test_0000617 181.63333333333333 185.63333333333333 21 1.0
video_test_0000617 186.13333333333333 190.63333333333333 21 1.0
video_test_0000617 190.63333333333333 195.63333333333333 21 1.0
video_test_0000617 208.66666666666666 210.63333333333333 21 1.0
video_test_0000617 220.73333333333332 225.63333333333333 21 1.0
video_test_0000617 228.73333333333332 230.33333333333334 21 1.0
video_test_0000617 233.0 235.33333333333334 21 1.0
video_test_0000617 238.23333333333332 240.33333333333334 21 1.0
video_test_0000617 240.83333333333334 245.33333333333334 21 1.0
video_test_0000617 246.43333333333334 250.33333333333334 21 1.0
video_test_0000617 251.4 255.33333333333334 21 1.0
video_test_0000617 255.33333333333334 256.93333333333334 21 1.0
video_test_0000617 259.3 261.93333333333334 21 1.0
video_test_0000617 265.4 266.93333333333334 21 1.0
video_test_0000617 266.93333333333334 271.93333333333334 21 1.0
video_test_0000617 279.03333333333336 281.93333333333334 21 1.0
video_test_0000622 3.466666666666667 7.966666666666667 24 1.0
video_test_0000622 7.966666666666667 8.033333333333333 24 1.0
video_test_0000622 8.166666666666666 8.433333333333334 24 1.0
video_test_0000622 13.633333333333333 13.433333333333334 24 1.0
video_test_0000622 16.866666666666667 18.433333333333334 24 1.0
video_test_0000622 18.566666666666666 23.433333333333334 24 1.0
video_test_0000622 25.066666666666666 28.433333333333334 24 1.0
video_test_0000622 31.2 33.43333333333334 24 1.0
video_test_0000622 34.56666666666667 35.96666666666667 24 1.0
video_test_0000622 42.36666666666667 42.46666666666667 24 1.0
video_test_0000622 46.4 47.46666666666667 24 1.0
video_test_0000622 61.86666666666667 62.6 24 1.0
video_test_0000622 67.9 67.6 24 1.0
video_test_0000622 67.8 68.06666666666666 24 1.0
video_test_0000622 68.1 73.06666666666666 24 1.0
video_test_0000622 75.56666666666666 78.06666666666666 24 1.0
video_test_0000622 83.6 85.2 24 1.0
video_test_0000622 86.33333333333333 90.2 24 1.0
video_test_0000622 90.33333333333333 95.2 24 1.0
video_test_0000622 96.66666666666667 100.2 24 1.0
video_test_0000622 102.23333333333333 102.76666666666667 24 1.0
video_test_0000622 102.9 102.96666666666667 24 1.0
video_test_0000622 108.53333333333333 108.83333333333333 24 1.0
video_test_0000622 111.93333333333334 113.83333333333333 24 1.0
video_test_0000622 120.1 120.2 24 1.0
video_test_0000622 124.36666666666666 124.96666666666667 24 1.0
video_test_0000622 129.83333333333334 129.96666666666667 24 1.0
video_test_0000622 134.1 134.96666666666667 24 1.0
video_test_0000622 137.83333333333334 139.43333333333334 24 1.0
video_test_0000622 142.66666666666666 144.43333333333334 24 1.0
video_test_0000622 145.73333333333332 147.33333333333334 24 1.0
video_test_0000622 152.06666666666666 153.16666666666666 24 1.0
video_test_0000622 154.96666666666667 155.06666666666666 24 1.0
video_test_0000622 158.83333333333334 160.43333333333334 24 1.0
video_test_0000622 164.76666666666668 166.0 24 1.0
video_test_0000622 166.96666666666667 171.0 24 1.0
video_test_0000622 174.43333333333334 176.0 24 1.0
video_test_0000622 180.06666666666666 181.0 24 1.0
video_test_0000622 181.06666666666666 186.0 24 1.0
video_test_0000622 189.7 191.0 24 1.0
video_test_0000622 7.8 8.066666666666666 23 1.0
video_test_0000622 8.1 8.466666666666667 23 1.0
video_test_0000622 8.7 8.8 23 1.0
video_test_0000622 12.566666666666666 13.166666666666666 23 1.0
video_test_0000622 19.233333333333334 19.833333333333332 23 1.0
video_test_0000622 20.066666666666666 20.166666666666668 23 1.0
video_test_0000622 20.166666666666668 25.166666666666668 23 1.0
video_test_0000622 35.2 35.766666666666666 23 1.0
video_test_0000622 39.43333333333333 40.6 23 1.0
video_test_0000622 46.266666666666666 46.733333333333334 23 1.0
video_test_0000622 46.733333333333334 46.833333333333336 23 1.0
video_test_0000622 61.63333333333333 62.733333333333334 23 1.0
video_test_0000622 62.86666666666667 67.73333333333333 23 1.0
video_test_0000622 67.73333333333333 72.73333333333333 23 1.0
video_test_0000622 76.1 77.73333333333333 23 1.0
video_test_0000622 82.56666666666666 82.73333333333333 23 1.0
video_test_0000622 82.73333333333333 84.33333333333333 23 1.0
video_test_0000622 94.56666666666666 95.96666666666667 23 1.0
video_test_0000622 101.56666666666666 102.7 23 1.0
video_test_0000622 102.7 102.8 23 1.0
video_test_0000622 108.43333333333334 109.1 23 1.0
video_test_0000622 124.0 125.1 23 1.0
video_test_0000622 128.6 130.2 23 1.0
video_test_0000622 142.73333333333332 144.4 23 1.0
video_test_0000622 158.53333333333333 158.8 23 1.0
video_test_0000622 162.8 163.36666666666667 23 1.0
video_test_0000622 173.83333333333334 174.93333333333334 23 1.0
video_test_0000622 179.36666666666667 179.93333333333334 23 1.0
video_test_0000622 180.76666666666668 180.86666666666667 23 1.0
video_test_0000622 180.86666666666667 180.96666666666667 23 1.0
video_test_0000622 180.96666666666667 181.26666666666668 23 1.0
video_test_0000622 189.16666666666666 190.33333333333334 23 1.0
video_test_0000624 3.1 5.233333333333333 26 1.0
video_test_0000624 6.0 7.033333333333333 26 1.0
video_test_0000624 7.033333333333333 12.033333333333333 26 1.0
video_test_0000624 15.7 17.03333333333333 26 1.0
video_test_0000624 19.266666666666666 22.03333333333333 26 1.0
video_test_0000624 22.033333333333335 27.03333333333333 26 1.0
video_test_0000624 27.4 32.03333333333333 26 1.0
video_test_0000624 36.1 37.03333333333333 26 1.0
video_test_0000624 37.03333333333333 42.03333333333333 26 1.0
video_test_0000624 46.9 47.03333333333333 26 1.0
video_test_0000624 50.3 52.03333333333333 26 1.0
video_test_0000624 52.2 53.8 26 1.0
video_test_0000624 61.1 63.8 26 1.0
video_test_0000624 65.93333333333334 68.8 26 1.0
video_test_0000624 69.6 73.8 26 1.0
video_test_0000624 74.53333333333333 78.8 26 1.0
video_test_0000624 80.93333333333334 83.8 26 1.0
video_test_0000624 91.63333333333334 93.8 26 1.0
video_test_0000624 95.33333333333333 98.8 26 1.0
video_test_0000624 103.1 104.7 26 1.0
video_test_0000626 3.6333333333333333 7.3 68 1.0
video_test_0000626 10.333333333333334 12.3 68 1.0
video_test_0000626 15.566666666666666 17.3 68 1.0
video_test_0000626 17.466666666666665 22.3 68 1.0
video_test_0000626 23.4 27.3 68 1.0
video_test_0000626 27.3 32.3 68 1.0
video_test_0000626 32.666666666666664 37.3 68 1.0
video_test_0000626 39.93333333333333 42.3 68 1.0
video_test_0000626 42.7 47.3 68 1.0
video_test_0000626 47.3 52.3 68 1.0
video_test_0000626 56.766666666666666 57.3 68 1.0
video_test_0000626 57.3 62.3 68 1.0
video_test_0000626 80.23333333333333 82.3 68 1.0
video_test_0000626 84.83333333333333 87.3 68 1.0
video_test_0000626 92.63333333333334 97.3 68 1.0
video_test_0000626 101.13333333333334 102.3 68 1.0
video_test_0000626 110.43333333333334 112.3 68 1.0
video_test_0000626 118.33333333333333 122.3 68 1.0
video_test_0000626 122.5 127.3 68 1.0
video_test_0000626 135.73333333333332 137.3 68 1.0
video_test_0000626 138.1 142.3 68 1.0
video_test_0000626 147.43333333333334 152.3 68 1.0
video_test_0000626 156.16666666666666 157.3 68 1.0
video_test_0000626 157.3 162.3 68 1.0
video_test_0000626 163.3 167.3 68 1.0
video_test_0000626 214.06666666666666 217.3 68 1.0
video_test_0000626 223.83333333333334 227.3 68 1.0
video_test_0000626 230.3 232.3 68 1.0
video_test_0000626 238.3 242.3 68 1.0
video_test_0000626 244.26666666666668 247.3 68 1.0
video_test_0000635 3.0 5.0 21 1.0
video_test_0000635 7.666666666666667 10.0 21 1.0
video_test_0000635 16.666666666666668 20.0 21 1.0
video_test_0000635 26.166666666666668 30.0 21 1.0
video_test_0000689 62.43333333333333 63.766666666666666 85 1.0
video_test_0000689 101.6 103.2 85 1.0
video_test_0000691 9.7 10.0 79 1.0
video_test_0000691 14.133333333333333 15.0 79 1.0
video_test_0000691 20.566666666666666 25.0 79 1.0
video_test_0000691 32.46666666666667 35.0 79 1.0
video_test_0000691 35.93333333333333 40.0 79 1.0
video_test_0000691 43.766666666666666 45.0 79 1.0
video_test_0000691 48.333333333333336 50.0 79 1.0
video_test_0000691 58.0 60.0 79 1.0
video_test_0000691 64.9 66.26666666666667 79 1.0
video_test_0000691 71.03333333333333 71.26666666666667 79 1.0
video_test_0000691 71.8 76.26666666666667 79 1.0
video_test_0000691 77.1 77.26666666666667 79 1.0
video_test_0000691 81.53333333333333 82.26666666666667 79 1.0
video_test_0000691 84.66666666666667 87.26666666666667 79 1.0
video_test_0000691 90.86666666666666 92.26666666666667 79 1.0
video_test_0000691 97.16666666666667 97.26666666666667 79 1.0
video_test_0000691 102.43333333333334 102.26666666666667 79 1.0
video_test_0000691 104.4 107.26666666666667 79 1.0
video_test_0000691 110.86666666666666 112.26666666666667 79 1.0
video_test_0000691 115.7 117.26666666666667 79 1.0
video_test_0000691 120.63333333333334 122.26666666666667 79 1.0
video_test_0000691 123.8 127.26666666666667 79 1.0
video_test_0000691 131.33333333333334 132.26666666666665 79 1.0
video_test_0000691 135.66666666666666 137.26666666666665 79 1.0
video_test_0000691 137.9 142.26666666666665 79 1.0
video_test_0000691 145.83333333333334 147.26666666666665 79 1.0
video_test_0000691 152.36666666666667 153.96666666666667 79 1.0
video_test_0000691 156.7 158.96666666666667 79 1.0
video_test_0000691 160.56666666666666 163.96666666666667 79 1.0
video_test_0000698 1.4333333333333333 5.0 21 1.0
video_test_0000698 5.066666666666666 9.033333333333333 21 1.0
video_test_0000701 0.6333333333333333 2.7 85 1.0
video_test_0000701 11.066666666666666 12.7 85 1.0
video_test_0000701 17.1 18.7 85 1.0
video_test_0000701 19.466666666666665 21.066666666666666 85 1.0
video_test_0000701 21.533333333333335 22.8 85 1.0
video_test_0000701 22.833333333333332 27.8 85 1.0
video_test_0000701 34.233333333333334 35.733333333333334 85 1.0
video_test_0000701 41.43333333333333 42.9 85 1.0
video_test_0000701 42.9 47.9 85 1.0
video_test_0000701 53.9 57.9 85 1.0
video_test_0000714 28.0 29.6 7 1.0
video_test_0000714 29.6 30.4 7 1.0
video_test_0000714 30.4 32.0 7 1.0
video_test_0000714 35.46666666666667 37.0 7 1.0
video_test_0000714 37.3 42.0 7 1.0
video_test_0000714 141.3 142.9 7 1.0
video_test_0000714 143.03333333333333 143.13333333333333 7 1.0
video_test_0000714 144.1 145.7 7 1.0
video_test_0000714 150.83333333333334 152.43333333333334 7 1.0
video_test_0000714 152.43333333333334 153.43333333333334 7 1.0
video_test_0000714 177.1 179.06666666666666 7 1.0
video_test_0000716 8.274933333333333 9.175833333333333 9 1.0
video_test_0000716 11.478133333333334 14.175833333333333 9 1.0
video_test_0000716 17.851166666666668 19.175833333333333 9 1.0
video_test_0000716 20.220200000000002 21.454766666666668 9 1.0
video_test_0000716 22.4224 22.756066666666666 9 1.0
video_test_0000716 22.756066666666666 22.856166666666667 9 1.0
video_test_0000716 22.922900000000002 27.856166666666667 9 1.0
video_test_0000716 30.463766666666668 31.3313 9 1.0
video_test_0000716 33.6336 35.00163333333333 9 1.0
video_test_0000716 39.40603333333333 40.00163333333333 9 1.0
video_test_0000716 44.110733333333336 44.7447 9 1.0
video_test_0000716 49.049 49.88316666666667 9 1.0
video_test_0000716 52.385666666666665 53.420033333333336 9 1.0
video_test_0000716 54.320933333333336 58.420033333333336 9 1.0
video_test_0000716 58.59186666666667 58.691966666666666 9 1.0
video_test_0000716 61.394666666666666 62.19546666666667 9 1.0
video_test_0000716 64.39766666666667 65.19846666666666 9 1.0
video_test_0000716 70.07000000000001 71.00426666666667 9 1.0
video_test_0000716 74.80806666666666 76.04263333333334 9 1.0
video_test_0000716 76.07600000000001 76.50976666666666 9 1.0
video_test_0000716 79.51276666666666 81.50976666666666 9 1.0
video_test_0000716 84.7847 86.086 9 1.0
video_test_0000716 87.25383333333333 87.9879 9 1.0
video_test_0000716 92.22546666666666 92.82606666666666 9 1.0
video_test_0000716 96.22946666666667 96.66323333333334 9 1.0
video_test_0000716 99.86643333333333 102.16373333333334 9 1.0
video_test_0000716 105.105 105.9058 9 1.0
video_test_0000716 107.7076 108.64186666666667 9 1.0
video_test_0000716 112.74596666666667 113.4133 9 1.0
video_test_0000716 116.5164 117.55076666666668 9 1.0
video_test_0000716 120.55376666666668 121.38793333333334 9 1.0
video_test_0000716 123.0229 124.05726666666666 9 1.0
video_test_0000716 127.56076666666667 128.3282 9 1.0
video_test_0000716 134.3342 134.96816666666666 9 1.0
video_test_0000716 138.10463333333334 139.2391 9 1.0
video_test_0000716 140.40693333333334 144.2391 9 1.0
video_test_0000716 147.28046666666668 148.08126666666666 9 1.0
video_test_0000716 158.2581 159.72623333333334 9 1.0
video_test_0000716 160.99416666666667 164.72623333333334 9 1.0
video_test_0000716 168.4683 169.72623333333334 9 1.0
video_test_0000716 173.13963333333334 173.70686666666666 9 1.0
video_test_0000716 176.50966666666667 177.44393333333335 9 1.0
video_test_0000716 179.6795 182.44393333333335 9 1.0
video_test_0000716 186.75323333333333 187.9878 9 1.0
video_test_0000716 190.82396666666668 191.85833333333335 9 1.0
video_test_0000716 191.85833333333335 192.192 9 1.0
video_test_0000716 194.96143333333333 195.6955 9 1.0
video_test_0000716 200.13326666666666 200.63376666666667 9 1.0
video_test_0000716 202.76923333333335 203.93706666666668 9 1.0
video_test_0000716 207.7075 208.93706666666668 9 1.0
video_test_0000716 210.27673333333334 210.7105 9 1.0
video_test_0000716 213.3131 215.7105 9 1.0
video_test_0000716 225.3251 226.9267 9 1.0
video_test_0000716 227.66076666666666 228.39483333333334 9 1.0
video_test_0000716 231.43120000000002 233.0328 9 1.0
video_test_0000716 237.87096666666667 238.0328 9 1.0
video_test_0000716 238.0328 243.0328 9 1.0
video_test_0000716 245.4452 246.17926666666668 9 1.0
video_test_0000716 247.5473 251.17926666666668 9 1.0
video_test_0000716 252.8526 253.9537 9 1.0
video_test_0000716 256.42283333333336 257.257 9 1.0
video_test_0000716 258.29136666666665 262.257 9 1.0
video_test_0000716 264.33073333333334 267.257 9 1.0
video_test_0000716 273.9069666666667 274.6744 9 1.0
video_test_0000716 279.8796 280.4134666666667 9 1.0
video_test_0000716 280.4134666666667 280.6136666666667 9 1.0
video_test_0000716 286.05243333333334 287.38710000000003 9 1.0
video_test_0000716 289.1889 290.3233666666667 9 1.0
video_test_0000716 291.32436666666666 292.4254666666667 9 1.0
video_test_0000716 292.5255666666667 297.4254666666667 9 1.0
video_test_0000716 300.76713333333333 301.86823333333336 9 1.0
video_test_0000716 304.67103333333336 305.5052 9 1.0
video_test_0000716 309.10880000000003 310.5052 9 1.0
video_test_0000716 312.97933333333333 315.5052 9 1.0
video_test_0000716 316.3493666666667 317.4171 9 1.0
video_test_0000716 319.5525666666667 322.4171 9 1.0
video_test_0000716 324.0237 324.4241 9 1.0
video_test_0000716 329.6293 329.4241 9 1.0
video_test_0000716 333.5332 334.4241 9 1.0
video_test_0000716 338.5715666666667 339.4241 9 1.0
video_test_0000716 339.4241 339.6059333333333 9 1.0
video_test_0000716 339.6059333333333 339.7060333333333 9 1.0
video_test_0000716 343.7767666666667 345.0780666666667 9 1.0
video_test_0000716 348.71503333333334 350.0780666666667 9 1.0
video_test_0000716 353.58656666666667 355.0780666666667 9 1.0
video_test_0000716 357.0900666666667 360.0780666666667 9 1.0
video_test_0000716 363.0960666666667 364.2972666666667 9 1.0
video_test_0000716 366.6996666666667 369.2972666666667 9 1.0
video_test_0000716 373.80676666666665 374.2972666666667 9 1.0
video_test_0000716 382.61556666666667 383.21616666666665 9 1.0
video_test_0000716 385.95223333333337 387.35363333333333 9 1.0
video_test_0000716 389.55583333333334 389.9896 9 1.0
video_test_0000716 394.9612333333333 396.0957 9 1.0
video_test_0000716 399.56583333333333 400.46673333333337 9 1.0
video_test_0000716 404.07033333333334 404.5708333333333 9 1.0
video_test_0000716 410.57683333333335 411.57783333333333 9 1.0
video_test_0000716 415.38163333333335 416.0489666666667 9 1.0
video_test_0000716 420.42 421.3876333333333 9 1.0
video_test_0000716 427.427 431.3876333333333 9 1.0
video_test_0000716 432.49873333333335 433.7333 9 1.0
video_test_0000716 437.10333333333335 438.27116666666666 9 1.0
video_test_0000716 442.60883333333334 443.27116666666666 9 1.0
video_test_0000716 444.6442 448.27116666666666 9 1.0
video_test_0000716 449.2488 450.2498 9 1.0
video_test_0000716 453.61983333333336 455.2498 9 1.0
video_test_0000716 463.22943333333336 463.52973333333335 9 1.0
video_test_0000716 467.66720000000004 468.4012666666667 9 1.0
video_test_0000716 470.23643333333337 470.8704 9 1.0
video_test_0000716 477.47700000000003 478.74493333333334 9 1.0
video_test_0000716 480.74693333333335 482.14833333333337 9 1.0
video_test_0000716 483.3829 484.68420000000003 9 1.0
video_test_0000716 486.95313333333337 488.42126666666667 9 1.0
video_test_0000716 492.4252666666667 492.9925 9 1.0
video_test_0000716 494.26043333333337 495.36153333333334 9 1.0
video_test_0000716 498.06423333333333 498.8984 9 1.0
video_test_0000716 498.8984 499.9327666666667 9 1.0
video_test_0000716 499.96613333333335 504.9327666666667 9 1.0
video_test_0000716 509.17533333333336 510.6101 9 1.0
video_test_0000716 513.8133 515.6101 9 1.0
video_test_0000716 517.5503666666667 518.8850333333334 9 1.0
video_test_0000716 520.9537666666666 521.521 9 1.0
video_test_0000716 522.5887333333334 523.4229 9 1.0
video_test_0000716 529.7959333333333 530.2580666666667 9 1.0
video_test_0000716 531.5643666666667 532.4319 9 1.0
video_test_0000716 537.3368 537.7372 9 1.0
video_test_0000716 539.6391 540.5066333333333 9 1.0
video_test_0000716 544.1769666666667 544.3438 9 1.0
video_test_0000716 545.4449 546.2457 9 1.0
video_test_0000716 547.9807666666667 551.2457 9 1.0
video_test_0000716 556.2557 557.5236333333334 9 1.0
video_test_0000716 559.6257333333333 560.7935666666667 9 1.0
video_test_0000716 563.1292333333333 564.6307333333333 9 1.0
video_test_0000716 571.0705 571.8045666666667 9 1.0
video_test_0000716 573.9066666666666 574.2737 9 1.0
video_test_0000716 576.7094666666667 578.3110666666666 9 1.0
video_test_0000716 578.7448333333333 579.1786 9 1.0
video_test_0000716 579.5790000000001 579.9794 9 1.0
video_test_0000716 586.9196666666667 588.5212666666666 9 1.0
video_test_0000716 590.6233666666667 591.3574333333333 9 1.0
video_test_0000716 594.3604333333334 595.0945 9 1.0
video_test_0000716 602.0347666666667 603.6030000000001 9 1.0
video_test_0000716 605.3380666666667 608.6030000000001 9 1.0
video_test_0000716 621.6543666666666 622.2216 9 1.0
video_test_0000716 625.1912333333333 627.2216 9 1.0
video_test_0000716 627.2933333333333 627.3933333333333 9 1.0
video_test_0000716 627.3933333333333 627.4933333333333 9 1.0
video_test_0000716 627.8605666666667 628.8949333333334 9 1.0
video_test_0000716 628.9283 629.6623666666667 9 1.0
video_test_0000716 634.1335 635.4681666666667 9 1.0
video_test_0000716 637.6370000000001 638.0374 9 1.0
video_test_0000716 640.2396 640.9069333333333 9 1.0
video_test_0000716 643.8765666666667 645.4448 9 1.0
video_test_0000716 649.9493 650.4448 9 1.0
video_test_0000716 653.5529 654.1535 9 1.0
video_test_0000716 655.8552 656.5559000000001 9 1.0
video_test_0000716 657.6236333333334 661.5559000000001 9 1.0
video_test_0000718 3.033333333333333 4.833333333333333 9 1.0
video_test_0000718 4.833333333333333 6.333333333333333 9 1.0
video_test_0000718 27.633333333333333 28.3 9 1.0
video_test_0000718 30.166666666666668 30.8 9 1.0
video_test_0000718 30.8 32.1 9 1.0
video_test_0000718 32.2 33.3 9 1.0
video_test_0000718 33.3 38.3 9 1.0
video_test_0000723 3.1 5.0 97 1.0
video_test_0000723 9.533333333333333 10.0 97 1.0
video_test_0000723 11.0 11.6 97 1.0
video_test_0000723 14.266666666666667 15.866666666666667 97 1.0
video_test_0000723 18.066666666666666 19.566666666666666 97 1.0
video_test_0000723 20.9 22.333333333333332 97 1.0
video_test_0000723 23.5 24.466666666666665 97 1.0
video_test_0000723 27.3 28.9 97 1.0
video_test_0000723 31.366666666666667 32.96666666666667 97 1.0
video_test_0000723 35.0 36.6 97 1.0
video_test_0000723 48.93333333333333 51.233333333333334 97 1.0
video_test_0000723 52.13333333333333 53.733333333333334 97 1.0
video_test_0000723 54.233333333333334 55.4 97 1.0
video_test_0000723 56.2 57.8 97 1.0
video_test_0000723 57.86666666666667 58.96666666666667 97 1.0
video_test_0000723 68.0 68.96666666666667 97 1.0
video_test_0000723 119.06666666666666 120.16666666666667 97 1.0
video_test_0000723 123.76666666666667 125.36666666666666 97 1.0
video_test_0000723 126.2 130.36666666666667 97 1.0
video_test_0000723 150.06666666666666 153.06666666666666 97 1.0
video_test_0000723 164.46666666666667 166.06666666666666 97 1.0
video_test_0000723 173.33333333333334 174.36666666666667 97 1.0
video_test_0000723 178.63333333333333 179.36666666666667 97 1.0
video_test_0000723 185.03333333333333 186.63333333333333 97 1.0
video_test_0000723 192.0 193.6 97 1.0
video_test_0000723 193.73333333333332 194.83333333333334 97 1.0
video_test_0000723 194.83333333333334 194.9 97 1.0
video_test_0000723 202.03333333333333 203.3 97 1.0
video_test_0000723 215.33333333333334 216.93333333333334 97 1.0
video_test_0000723 222.16666666666666 223.73333333333332 97 1.0
video_test_0000724 2.6666666666666665 7.0 22 1.0
video_test_0000724 9.233333333333333 11.1 22 1.0
video_test_0000724 14.266666666666667 16.1 22 1.0
video_test_0000724 23.066666666666666 26.1 22 1.0
video_test_0000724 26.233333333333334 31.1 22 1.0
video_test_0000724 33.53333333333333 36.1 22 1.0
video_test_0000724 36.43333333333333 41.1 22 1.0
video_test_0000724 43.5 46.1 22 1.0
video_test_0000724 51.666666666666664 56.1 22 1.0
video_test_0000724 58.166666666666664 61.1 22 1.0
video_test_0000724 61.1 66.1 22 1.0
video_test_0000724 72.3 76.1 22 1.0
video_test_0000724 78.03333333333333 81.1 22 1.0
video_test_0000724 83.16666666666667 86.1 22 1.0
video_test_0000724 90.43333333333334 92.06666666666666 22 1.0
video_test_0000724 97.06666666666666 102.06666666666666 22 1.0
video_test_0000724 102.33333333333333 107.06666666666666 22 1.0
video_test_0000724 110.33333333333333 112.06666666666666 22 1.0
video_test_0000724 117.06666666666666 122.06666666666666 22 1.0
video_test_0000724 137.9 142.06666666666666 22 1.0
video_test_0000730 8.3 10.833333333333332 22 1.0
video_test_0000730 16.033333333333335 20.833333333333332 22 1.0
video_test_0000730 20.833333333333332 25.833333333333332 22 1.0
video_test_0000730 27.733333333333334 30.833333333333332 22 1.0
video_test_0000730 34.6 35.83333333333333 22 1.0
video_test_0000730 35.83333333333333 40.83333333333333 22 1.0
video_test_0000730 42.43333333333333 45.83333333333333 22 1.0
video_test_0000730 46.06666666666667 50.83333333333333 22 1.0
video_test_0000730 54.13333333333333 55.83333333333333 22 1.0
video_test_0000730 56.233333333333334 60.83333333333333 22 1.0
video_test_0000730 66.63333333333334 70.83333333333333 22 1.0
video_test_0000730 70.83333333333333 75.83333333333333 22 1.0
video_test_0000730 79.66666666666667 80.83333333333333 22 1.0
video_test_0000730 81.63333333333334 85.83333333333333 22 1.0
video_test_0000737 33.233333333333334 33.53333333333333 21 1.0
video_test_0000737 36.03333333333333 38.53333333333333 21 1.0
video_test_0000737 80.33333333333333 83.76666666666667 21 1.0
video_test_0000737 86.5 88.76666666666667 21 1.0
video_test_0000737 122.76666666666667 123.76666666666667 21 1.0
video_test_0000737 126.73333333333333 128.76666666666665 21 1.0
video_test_0000740 5.5 7.6 21 1.0
video_test_0000740 7.6 9.3 21 1.0
video_test_0000740 9.8 14.3 21 1.0
video_test_0000740 19.3 24.3 21 1.0
video_test_0000740 24.566666666666666 29.3 21 1.0
video_test_0000740 29.3 34.3 21 1.0
video_test_0000740 58.53333333333333 59.3 21 1.0
video_test_0000740 61.8 64.3 21 1.0
video_test_0000740 65.6 69.3 21 1.0
video_test_0000740 69.3 74.3 21 1.0
video_test_0000740 75.53333333333333 79.3 21 1.0
video_test_0000740 91.86666666666666 94.3 21 1.0
video_test_0000740 99.4 104.3 21 1.0
video_test_0000740 110.53333333333333 114.3 21 1.0
video_test_0000740 115.1 119.3 21 1.0
video_test_0000740 119.46666666666667 124.3 21 1.0
video_test_0000740 145.46666666666667 149.3 21 1.0
video_test_0000740 150.53333333333333 154.3 21 1.0
video_test_0000740 154.7 159.3 21 1.0
video_test_0000740 184.3 189.3 21 1.0
video_test_0000740 192.96666666666667 194.3 21 1.0
video_test_0000740 219.53333333333333 224.3 21 1.0
video_test_0000740 230.7 234.3 21 1.0
video_test_0000740 261.3 264.3 21 1.0
video_test_0000740 266.03333333333336 269.3 21 1.0
video_test_0000740 279.3333333333333 284.3 21 1.0
video_test_0000740 305.1 309.3 21 1.0
video_test_0000740 310.1333333333333 314.3 21 1.0
video_test_0000740 315.8 319.3 21 1.0
video_test_0000740 339.3 340.9 21 1.0
video_test_0000740 352.53333333333336 355.9 21 1.0
video_test_0000740 381.3666666666667 385.9 21 1.0
video_test_0000756 8.066666666666666 10.0 92 1.0
video_test_0000756 10.133333333333333 11.733333333333333 92 1.0
video_test_0000756 11.766666666666667 13.0 92 1.0
video_test_0000756 13.4 14.5 92 1.0
video_test_0000756 14.6 19.5 92 1.0
video_test_0000756 19.8 24.5 92 1.0
video_test_0000756 24.5 29.5 92 1.0
video_test_0000756 31.633333333333333 33.233333333333334 92 1.0
video_test_0000762 3.8333333333333335 5.0 97 1.0
video_test_0000762 14.666666666666666 14.766666666666667 97 1.0
video_test_0000762 48.5 50.1 97 1.0
video_test_0000762 77.5 79.1 97 1.0
video_test_0000765 16.1 20.0 79 1.0
video_test_0000765 21.3 25.0 79 1.0
video_test_0000765 29.133333333333333 30.0 79 1.0
video_test_0000765 40.166666666666664 40.0 79 1.0
video_test_0000765 41.666666666666664 45.0 79 1.0
video_test_0000765 45.7 50.0 79 1.0
video_test_0000765 50.666666666666664 55.0 79 1.0
video_test_0000765 58.3 60.0 79 1.0
video_test_0000765 72.3 75.0 79 1.0
video_test_0000765 78.9 80.0 79 1.0
video_test_0000765 80.0 85.0 79 1.0
video_test_0000765 90.7 94.1 79 1.0
video_test_0000765 102.0 104.1 79 1.0
video_test_0000765 107.63333333333334 109.1 79 1.0
video_test_0000765 112.1 114.1 79 1.0
video_test_0000767 71.36666666666666 72.66666666666667 7 1.0
video_test_0000771 17.1 20.0 12 1.0
video_test_0000771 21.4 25.0 12 1.0
video_test_0000771 32.36666666666667 35.0 12 1.0
video_test_0000771 37.06666666666667 40.0 12 1.0
video_test_0000771 41.3 45.0 12 1.0
video_test_0000771 49.333333333333336 50.0 12 1.0
video_test_0000771 57.733333333333334 60.36666666666667 12 1.0
video_test_0000771 64.93333333333334 66.03333333333333 12 1.0
video_test_0000771 67.4 69.0 12 1.0
video_test_0000771 83.53333333333333 88.26666666666667 12 1.0
video_test_0000771 93.56666666666666 98.26666666666667 12 1.0
video_test_0000771 119.6 120.76666666666667 12 1.0
video_test_0000771 124.46666666666667 125.76666666666667 12 1.0
video_test_0000771 128.23333333333332 129.8 12 1.0
video_test_0000771 131.13333333333333 134.8 12 1.0
video_test_0000771 153.46666666666667 154.8 12 1.0
video_test_0000771 155.7 157.3 12 1.0
video_test_0000771 159.8 162.3 12 1.0
video_test_0000771 163.33333333333334 164.93333333333334 12 1.0
video_test_0000771 165.03333333333333 169.93333333333334 12 1.0
video_test_0000771 171.1 174.93333333333334 12 1.0
video_test_0000771 175.16666666666666 176.76666666666668 12 1.0
video_test_0000771 176.8 181.76666666666668 12 1.0
video_test_0000771 186.56666666666666 188.16666666666666 12 1.0
video_test_0000771 189.13333333333333 193.16666666666666 12 1.0
video_test_0000771 196.93333333333334 198.16666666666666 12 1.0
video_test_0000785 42.666666666666664 45.0 22 1.0
video_test_0000785 45.1 50.0 22 1.0
video_test_0000785 80.6 85.0 22 1.0
video_test_0000786 4.166666666666667 7.9 24 1.0
video_test_0000786 20.1 21.333333333333332 24 1.0
video_test_0000786 23.733333333333334 24.9 24 1.0
video_test_0000786 32.666666666666664 31.733333333333334 24 1.0
video_test_0000786 34.1 36.733333333333334 24 1.0
video_test_0000786 54.4 56.166666666666664 24 1.0
video_test_0000786 56.2 61.166666666666664 24 1.0
video_test_0000786 82.56666666666666 83.83333333333333 24 1.0
video_test_0000786 83.96666666666667 84.06666666666666 24 1.0
video_test_0000786 84.43333333333334 85.03333333333333 24 1.0
video_test_0000786 4.2 6.9 23 1.0
video_test_0000786 6.9 7.833333333333333 23 1.0
video_test_0000786 16.366666666666667 17.8 23 1.0
video_test_0000786 19.2 20.8 23 1.0
video_test_0000786 23.8 25.8 23 1.0
video_test_0000786 30.966666666666665 32.53333333333333 23 1.0
video_test_0000786 35.43333333333333 35.53333333333333 23 1.0
video_test_0000786 37.36666666666667 40.53333333333333 23 1.0
video_test_0000786 52.36666666666667 53.96666666666667 23 1.0
video_test_0000786 79.7 82.06666666666666 23 1.0
video_test_0000786 83.46666666666667 85.06666666666666 23 1.0
video_test_0000793 17.217200000000002 20.0 68 1.0
video_test_0000793 25.625600000000002 30.0 68 1.0
video_test_0000793 40.140100000000004 45.0 68 1.0
video_test_0000793 53.48676666666667 55.0 68 1.0
video_test_0000793 55.88916666666667 60.0 68 1.0
video_test_0000793 64.49776666666666 65.0 68 1.0
video_test_0000793 65.53213333333333 70.0 68 1.0
video_test_0000793 85.4854 90.0 68 1.0
video_test_0000793 90.35693333333333 95.0 68 1.0
video_test_0000793 99.26583333333333 100.0 68 1.0
video_test_0000793 115.18173333333334 120.0 68 1.0
video_test_0000793 120.05326666666667 125.0 68 1.0
video_test_0000793 144.4443 145.0 68 1.0
video_test_0000793 145.71223333333333 150.0 68 1.0
video_test_0000793 150.21673333333334 155.0 68 1.0
video_test_0000793 156.0559 160.0 68 1.0
video_test_0000793 177.6775 180.0 68 1.0
video_test_0000793 180.0 185.0 68 1.0
video_test_0000793 185.2851 190.0 68 1.0
video_test_0000793 191.12426666666667 195.0 68 1.0
video_test_0000793 202.0018 205.0 68 1.0
video_test_0000793 212.47893333333334 215.0 68 1.0
video_test_0000793 216.7165 220.0 68 1.0
video_test_0000793 220.48693333333333 225.0 68 1.0
video_test_0000793 226.0258 230.0 68 1.0
video_test_0000793 232.26536666666667 235.0 68 1.0
video_test_0000793 238.80523333333335 240.0 68 1.0
video_test_0000793 241.30773333333335 245.0 68 1.0
video_test_0000793 254.12053333333333 255.0 68 1.0
video_test_0000793 255.42183333333332 260.0 68 1.0
video_test_0000793 275.1415333333333 280.0 68 1.0
video_test_0000793 287.02006666666665 290.0 68 1.0
video_test_0000793 290.0 295.0 68 1.0
video_test_0000793 299.5325666666667 300.0 68 1.0
video_test_0000793 305.83886666666666 310.0 68 1.0
video_test_0000793 310.17653333333334 315.0 68 1.0
video_test_0000793 315.1148 320.0 68 1.0
video_test_0000793 335.3016333333333 340.0 68 1.0
video_test_0000793 340.5735666666667 345.0 68 1.0
video_test_0000793 353.353 355.0 68 1.0
video_test_0000793 379.4123666666667 380.0 68 1.0
video_test_0000793 380.71366666666665 385.0 68 1.0
video_test_0000793 385.0 390.0 68 1.0
video_test_0000793 407.0733333333333 410.0 68 1.0
video_test_0000793 411.84476666666666 415.0 68 1.0
video_test_0000793 415.0 420.0 68 1.0
video_test_0000793 423.2228 425.0 68 1.0
video_test_0000793 433.9001333333333 435.0 68 1.0
video_test_0000793 437.40363333333335 440.0 68 1.0
video_test_0000793 445.9121333333333 450.0 68 1.0
video_test_0000793 456.8897666666667 460.0 68 1.0
video_test_0000793 461.2941666666667 465.0 68 1.0
video_test_0000793 477.94413333333335 480.0 68 1.0
video_test_0000793 481.0806 485.0 68 1.0
video_test_0000793 558.1576 560.0 68 1.0
video_test_0000793 560.8269333333334 565.0 68 1.0
video_test_0000793 569.2353333333333 570.0 68 1.0
video_test_0000793 571.7712 575.0 68 1.0
video_test_0000793 583.2827 585.0 68 1.0
video_test_0000793 587.9540333333333 590.0 68 1.0
video_test_0000793 615.0 620.0 68 1.0
video_test_0000793 622.5552666666666 625.0 68 1.0
video_test_0000793 646.2789666666666 650.0 68 1.0
video_test_0000793 651.6510000000001 655.0 68 1.0
video_test_0000793 658.4578 660.0 68 1.0
video_test_0000793 665.3647 670.0 68 1.0
video_test_0000793 672.2382333333334 675.0 68 1.0
video_test_0000793 675.0 680.0 68 1.0
video_test_0000793 682.6152666666667 685.0 68 1.0
video_test_0000793 685.0 690.0 68 1.0
video_test_0000793 707.4400666666667 710.0 68 1.0
video_test_0000793 714.0800333333333 715.0 68 1.0
video_test_0000793 715.0 720.0 68 1.0
video_test_0000793 730.0 735.0 68 1.0
video_test_0000793 737.1030333333333 740.0 68 1.0
video_test_0000793 740.0 745.0 68 1.0
video_test_0000793 750.6832666666667 755.0 68 1.0
video_test_0000793 756.4223333333333 760.0 68 1.0
video_test_0000793 763.4293333333334 765.0 68 1.0
video_test_0000793 778.0773 780.0 68 1.0
video_test_0000793 781.3472333333333 785.0 68 1.0
video_test_0000793 794.1600333333333 795.0 68 1.0
video_test_0000793 795.0 800.0 68 1.0
video_test_0000793 803.2024 805.0 68 1.0
video_test_0000793 808.2741333333333 810.0 68 1.0
video_test_0000793 810.4763333333334 815.0 68 1.0
video_test_0000793 818.1173 820.0 68 1.0
video_test_0000793 880.4462333333333 885.0 68 1.0
video_test_0000793 888.0872 890.0 68 1.0
video_test_0000793 890.0 895.0 68 1.0
video_test_0000793 895.0 900.0 68 1.0
video_test_0000793 905.1042 910.0 68 1.0
video_test_0000793 917.5833333333334 920.0 68 1.0
video_test_0000793 928.1272 930.0 68 1.0
video_test_0000793 933.1655666666667 935.0 68 1.0
video_test_0000793 948.8479 950.0 68 1.0
video_test_0000793 950.6830666666667 955.0 68 1.0
video_test_0000793 955.1208333333334 960.0 68 1.0
video_test_0000793 970.6363333333334 975.0 68 1.0
video_test_0000793 976.5088666666667 980.0 68 1.0
video_test_0000793 982.4815 985.0 68 1.0
video_test_0000793 988.2205666666667 990.0 68 1.0
video_test_0000793 991.6573333333333 995.0 68 1.0
video_test_0000793 995.0941 1000.0 68 1.0
video_test_0000793 1004.7370666666667 1005.0 68 1.0
video_test_0000793 1007.0393666666666 1010.0 68 1.0
video_test_0000793 1010.009 1015.0 68 1.0
video_test_0000793 1015.0807333333333 1020.0 68 1.0
video_test_0000793 1035.9015333333334 1040.0 68 1.0
video_test_0000793 1040.0056333333334 1045.0 68 1.0
video_test_0000793 1045.0773666666666 1050.0 68 1.0
video_test_0000793 1054.0196333333333 1055.0 68 1.0
video_test_0000793 1056.9892666666667 1060.0 68 1.0
video_test_0000793 1061.3269333333333 1065.0 68 1.0
video_test_0000793 1067.8334333333335 1070.0 68 1.0
video_test_0000793 1070.1691 1075.0 68 1.0
video_test_0000793 1103.8027 1105.0 68 1.0
video_test_0000793 1107.3395666666668 1110.0 68 1.0
video_test_0000793 1125.1573666666666 1130.0 68 1.0
video_test_0000793 1130.0956333333334 1135.0 68 1.0
video_test_0000793 1136.8023333333333 1140.0 68 1.0
video_test_0000793 1140.0 1145.0 68 1.0
video_test_0000793 1145.0772666666667 1150.0 68 1.0
video_test_0000793 1169.9688 1170.0 68 1.0
video_test_0000793 1171.8373333333334 1175.0 68 1.0
video_test_0000793 1175.1406333333334 1180.0 68 1.0
video_test_0000793 1184.183 1185.0 68 1.0
video_test_0000793 1187.1526333333334 1190.0 68 1.0
video_test_0000793 1193.5590333333334 1195.0 68 1.0
video_test_0000793 1195.4275666666667 1200.0 68 1.0
video_test_0000793 1200.0 1205.0 68 1.0
video_test_0000793 1205.8713333333333 1210.0 68 1.0
video_test_0000793 1225.0905333333333 1230.0 68 1.0
video_test_0000793 1232.4312 1235.0 68 1.0
video_test_0000793 1244.0428 1245.0 68 1.0
video_test_0000793 1245.0 1250.0 68 1.0
video_test_0000793 1252.8849666666667 1255.0 68 1.0
video_test_0000793 1258.7908666666667 1260.0 68 1.0
video_test_0000793 1261.26 1265.0 68 1.0
video_test_0000793 1268.0334333333333 1270.0 68 1.0
video_test_0000793 1272.6046666666666 1275.0 68 1.0
video_test_0000793 1280.5793 1285.0 68 1.0
video_test_0000793 1285.0 1290.0 68 1.0
video_test_0000793 1297.8966 1300.0 68 1.0
video_test_0000793 1343.7090333333333 1345.0 68 1.0
video_test_0000793 1345.8778666666667 1350.0 68 1.0
video_test_0000793 1356.8555000000001 1360.0 68 1.0
video_test_0000793 1360.3923666666667 1365.0 68 1.0
video_test_0000793 1365.0 1370.0 68 1.0
video_test_0000793 1370.2355333333333 1375.0 68 1.0
video_test_0000793 1384.0159666666666 1385.0 68 1.0
video_test_0000793 1444.2094333333334 1445.0 68 1.0
video_test_0000793 1445.9778666666666 1450.0 68 1.0
video_test_0000793 1450.1820666666667 1455.0 68 1.0
video_test_0000793 1456.2214333333334 1460.0 68 1.0
video_test_0000793 1476.0078666666666 1480.0 68 1.0
video_test_0000793 1481.8470333333335 1485.0 68 1.0
video_test_0000793 1485.0 1490.0 68 1.0
video_test_0000793 1490.3555333333334 1495.0 68 1.0
video_test_0000793 1558.8573000000001 1560.0 68 1.0
video_test_0000793 1561.6267333333333 1565.0 68 1.0
video_test_0000793 1572.3374333333334 1575.0 68 1.0
video_test_0000793 1577.8429333333333 1580.0 68 1.0
video_test_0000793 1581.8469333333333 1585.0 68 1.0
video_test_0000793 1597.9964 1600.0 68 1.0
video_test_0000793 1600.1986 1605.0 68 1.0
video_test_0000793 1606.7718333333335 1610.0 68 1.0
video_test_0000793 1621.5866333333333 1625.0 68 1.0
video_test_0000793 1628.6603666666667 1630.0 68 1.0
video_test_0000793 1635.8675666666668 1640.0 68 1.0
video_test_0000793 1655.0 1660.0 68 1.0
video_test_0000796 11.133333333333333 11.966666666666667 24 1.0
video_test_0000796 11.966666666666667 16.96666666666667 24 1.0
video_test_0000796 21.066666666666666 21.96666666666667 24 1.0
video_test_0000796 23.9 25.066666666666666 24 1.0
video_test_0000796 28.233333333333334 30.066666666666666 24 1.0
video_test_0000796 31.333333333333332 31.933333333333334 24 1.0
video_test_0000796 37.56666666666667 38.9 24 1.0
video_test_0000796 40.53333333333333 43.9 24 1.0
video_test_0000796 48.46666666666667 48.9 24 1.0
video_test_0000796 51.53333333333333 53.13333333333333 24 1.0
video_test_0000796 54.93333333333333 56.266666666666666 24 1.0
video_test_0000796 58.96666666666667 61.266666666666666 24 1.0
video_test_0000796 68.13333333333334 70.86666666666666 24 1.0
video_test_0000796 75.6 76.86666666666666 24 1.0
video_test_0000796 78.86666666666666 79.13333333333334 24 1.0
video_test_0000796 81.63333333333334 84.13333333333334 24 1.0
video_test_0000796 87.23333333333333 89.13333333333334 24 1.0
video_test_0000796 90.1 91.2 24 1.0
video_test_0000796 93.66666666666667 94.43333333333334 24 1.0
video_test_0000796 94.46666666666667 99.43333333333334 24 1.0
video_test_0000796 100.73333333333333 104.43333333333334 24 1.0
video_test_0000796 121.76666666666667 122.2 24 1.0
video_test_0000796 122.33333333333333 122.93333333333334 24 1.0
video_test_0000796 11.2 12.5 23 1.0
video_test_0000796 13.633333333333333 15.233333333333333 23 1.0
video_test_0000796 17.733333333333334 19.333333333333332 23 1.0
video_test_0000796 23.333333333333332 24.933333333333334 23 1.0
video_test_0000796 28.666666666666668 30.266666666666666 23 1.0
video_test_0000796 31.366666666666667 32.03333333333333 23 1.0
video_test_0000796 41.5 43.1 23 1.0
video_test_0000796 46.43333333333333 48.03333333333333 23 1.0
video_test_0000796 52.0 53.6 23 1.0
video_test_0000796 55.333333333333336 56.333333333333336 23 1.0
video_test_0000796 63.0 65.43333333333334 23 1.0
video_test_0000796 66.5 70.43333333333334 23 1.0
video_test_0000796 72.43333333333334 75.43333333333334 23 1.0
video_test_0000796 78.6 79.2 23 1.0
video_test_0000796 80.63333333333334 82.23333333333333 23 1.0
video_test_0000796 82.63333333333334 84.23333333333333 23 1.0
video_test_0000796 100.1 101.7 23 1.0
video_test_0000796 105.23333333333333 106.83333333333333 23 1.0
video_test_0000796 121.53333333333333 123.13333333333334 23 1.0
video_test_0000798 12.233333333333333 13.8 24 1.0
video_test_0000798 17.3 18.9 24 1.0
video_test_0000798 36.56666666666667 40.9 24 1.0
video_test_0000798 53.233333333333334 54.833333333333336 24 1.0
video_test_0000798 56.7 59.833333333333336 24 1.0
video_test_0000798 60.766666666666666 64.83333333333334 24 1.0
video_test_0000798 92.36666666666666 93.96666666666667 24 1.0
video_test_0000798 96.43333333333334 98.03333333333333 24 1.0
video_test_0000798 98.2 103.03333333333333 24 1.0
video_test_0000798 74.06666666666666 75.16666666666667 23 1.0
video_test_0000798 87.73333333333333 89.33333333333333 23 1.0
video_test_0000807 6.333333333333333 10.0 26 1.0
video_test_0000807 10.0 15.0 26 1.0
video_test_0000807 21.8 23.4 26 1.0
video_test_0000807 26.5 28.4 26 1.0
video_test_0000807 33.4 33.4 26 1.0
video_test_0000807 33.43333333333333 38.4 26 1.0
video_test_0000807 39.3 43.4 26 1.0
video_test_0000807 45.333333333333336 48.4 26 1.0
video_test_0000807 55.56666666666667 58.4 26 1.0
video_test_0000807 58.93333333333333 63.4 26 1.0
video_test_0000807 63.4 68.4 26 1.0
video_test_0000807 71.5 73.4 26 1.0
video_test_0000807 78.46666666666667 80.06666666666666 26 1.0
video_test_0000807 84.53333333333333 85.06666666666666 26 1.0
video_test_0000807 93.73333333333333 95.06666666666666 26 1.0
video_test_0000807 95.2 100.06666666666666 26 1.0
video_test_0000807 102.73333333333333 105.06666666666666 26 1.0
video_test_0000807 105.06666666666666 110.06666666666666 26 1.0
video_test_0000807 112.1 115.06666666666666 26 1.0
video_test_0000807 116.86666666666666 120.06666666666666 26 1.0
video_test_0000807 122.7 125.06666666666666 26 1.0
video_test_0000807 125.33333333333333 126.93333333333334 26 1.0
video_test_0000807 126.93333333333334 131.93333333333334 26 1.0
video_test_0000807 131.93333333333334 136.93333333333334 26 1.0
video_test_0000807 139.5 141.93333333333334 26 1.0
video_test_0000807 146.93333333333334 151.93333333333334 26 1.0
video_test_0000807 151.93333333333334 156.93333333333334 26 1.0
video_test_0000814 9.466666666666667 10.0 93 1.0
video_test_0000814 12.266666666666667 12.366666666666667 93 1.0
video_test_0000814 17.766666666666666 19.366666666666667 93 1.0
video_test_0000814 23.833333333333332 24.933333333333334 93 1.0
video_test_0000814 27.0 28.433333333333334 93 1.0
video_test_0000814 30.166666666666668 31.766666666666666 93 1.0
video_test_0000814 33.86666666666667 35.46666666666667 93 1.0
video_test_0000814 37.36666666666667 38.06666666666667 93 1.0
video_test_0000814 44.53333333333333 44.63333333333333 93 1.0
video_test_0000814 52.43333333333333 54.03333333333333 93 1.0
video_test_0000814 57.7 59.03333333333333 93 1.0
video_test_0000814 61.86666666666667 63.46666666666667 93 1.0
video_test_0000814 63.93333333333333 65.53333333333333 93 1.0
video_test_0000814 76.56666666666666 78.7 93 1.0
video_test_0000814 81.56666666666666 83.16666666666667 93 1.0
video_test_0000814 85.2 86.03333333333333 93 1.0
video_test_0000814 91.23333333333333 92.8 93 1.0
video_test_0000814 104.4 107.8 93 1.0
video_test_0000814 113.2 114.8 93 1.0
video_test_0000814 119.8 120.16666666666667 93 1.0
video_test_0000814 132.66666666666666 133.83333333333334 93 1.0
video_test_0000814 136.5 138.1 93 1.0
video_test_0000814 149.2 150.8 93 1.0
video_test_0000814 158.0 158.6 93 1.0
video_test_0000814 161.66666666666666 162.76666666666668 93 1.0
video_test_0000814 166.03333333333333 167.63333333333333 93 1.0
video_test_0000814 168.13333333333333 168.73333333333332 93 1.0
video_test_0000839 27.166666666666668 30.0 40 1.0
video_test_0000839 37.7 40.0 40 1.0
video_test_0000839 44.06666666666667 45.0 40 1.0
video_test_0000839 45.03333333333333 50.0 40 1.0
video_test_0000839 68.66666666666667 70.0 40 1.0
video_test_0000839 77.13333333333334 80.0 40 1.0
video_test_0000839 85.4 90.0 40 1.0
video_test_0000839 92.1 95.0 40 1.0
video_test_0000839 99.2 100.0 40 1.0
video_test_0000839 100.03333333333333 105.0 40 1.0
video_test_0000839 106.6 110.0 40 1.0
video_test_0000839 110.23333333333333 115.0 40 1.0
video_test_0000839 118.16666666666667 120.0 40 1.0
video_test_0000839 137.73333333333332 140.0 40 1.0
video_test_0000839 143.7 145.0 40 1.0
video_test_0000839 145.16666666666666 150.0 40 1.0
video_test_0000839 156.83333333333334 160.0 40 1.0
video_test_0000839 167.13333333333333 170.0 40 1.0
video_test_0000839 172.9 175.0 40 1.0
video_test_0000839 179.26666666666668 180.0 40 1.0
video_test_0000839 183.66666666666666 185.0 40 1.0
video_test_0000839 187.83333333333334 190.0 40 1.0
video_test_0000839 201.93333333333334 205.0 40 1.0
video_test_0000839 206.56666666666666 210.0 40 1.0
video_test_0000839 216.13333333333333 220.0 40 1.0
video_test_0000839 221.16666666666666 225.0 40 1.0
video_test_0000839 226.93333333333334 230.0 40 1.0
video_test_0000839 235.1 235.0 40 1.0
video_test_0000839 238.83333333333334 240.0 40 1.0
video_test_0000839 243.93333333333334 245.0 40 1.0
video_test_0000839 250.93333333333334 255.0 40 1.0
video_test_0000839 267.46666666666664 270.0 40 1.0
video_test_0000839 273.4 275.0 40 1.0
video_test_0000839 275.26666666666665 280.0 40 1.0
video_test_0000839 282.1666666666667 285.0 40 1.0
video_test_0000839 290.23333333333335 290.0 40 1.0
video_test_0000839 290.46666666666664 295.0 40 1.0
video_test_0000839 300.8666666666667 305.0 40 1.0
video_test_0000839 309.3 310.0 40 1.0
video_test_0000839 313.3333333333333 315.0 40 1.0
video_test_0000839 322.23333333333335 325.0 40 1.0
video_test_0000839 332.4 335.0 40 1.0
video_test_0000839 342.8333333333333 345.0 40 1.0
video_test_0000839 358.3 360.0 40 1.0
video_test_0000839 360.1333333333333 365.0 40 1.0
video_test_0000844 21.166666666666668 25.0 22 1.0
video_test_0000844 39.5 40.0 22 1.0
video_test_0000844 61.8 65.0 22 1.0
video_test_0000844 86.13333333333334 90.0 22 1.0
video_test_0000844 96.96666666666667 100.0 22 1.0
video_test_0000844 102.1 105.0 22 1.0
video_test_0000844 121.76666666666667 125.0 22 1.0
video_test_0000844 142.5 145.0 22 1.0
video_test_0000846 2.2 5.0 79 1.0
video_test_0000846 8.433333333333334 10.0 79 1.0
video_test_0000846 20.3 20.0 79 1.0
video_test_0000846 25.033333333333335 25.0 79 1.0
video_test_0000847 0.6 3.566666666666667 33 1.0
video_test_0000847 34.93333333333333 38.266666666666666 33 1.0
video_test_0000847 40.93333333333333 43.266666666666666 33 1.0
video_test_0000847 47.13333333333333 48.266666666666666 33 1.0
video_test_0000847 48.93333333333333 53.266666666666666 33 1.0
video_test_0000847 59.43333333333333 63.266666666666666 33 1.0
video_test_0000847 63.43333333333333 68.26666666666667 33 1.0
video_test_0000847 83.93333333333334 85.53333333333333 33 1.0
video_test_0000847 86.16666666666667 90.53333333333333 33 1.0
video_test_0000847 92.36666666666666 97.3 33 1.0
video_test_0000847 135.8 139.66666666666669 33 1.0
video_test_0000847 141.23333333333332 144.66666666666669 33 1.0
video_test_0000847 149.83333333333334 154.66666666666669 33 1.0
video_test_0000847 154.66666666666669 159.66666666666669 33 1.0
video_test_0000847 164.53333333333333 164.66666666666669 33 1.0
video_test_0000847 164.8 169.66666666666669 33 1.0
video_test_0000847 169.7 174.66666666666669 33 1.0
video_test_0000847 175.56666666666666 179.66666666666669 33 1.0
video_test_0000847 202.16666666666666 204.66666666666669 33 1.0
video_test_0000847 206.5 209.66666666666669 33 1.0
video_test_0000847 212.6 214.66666666666669 33 1.0
video_test_0000847 215.0 219.66666666666669 33 1.0
video_test_0000847 220.36666666666667 224.66666666666669 33 1.0
video_test_0000847 224.66666666666669 226.26666666666668 33 1.0
video_test_0000847 228.76666666666668 231.26666666666668 33 1.0
video_test_0000854 5.266666666666667 7.133333333333334 79 1.0
video_test_0000854 10.333333333333334 12.133333333333333 79 1.0
video_test_0000854 14.5 17.133333333333333 79 1.0
video_test_0000854 21.4 22.133333333333333 79 1.0
video_test_0000854 27.2 27.133333333333333 79 1.0
video_test_0000854 30.6 32.13333333333333 79 1.0
video_test_0000854 34.266666666666666 37.13333333333333 79 1.0
video_test_0000854 37.5 42.13333333333333 79 1.0
video_test_0000854 44.13333333333333 47.13333333333333 79 1.0
video_test_0000854 49.2 52.13333333333333 79 1.0
video_test_0000854 54.63333333333333 57.13333333333333 79 1.0
video_test_0000854 60.3 62.13333333333333 79 1.0
video_test_0000854 62.63333333333333 67.13333333333333 79 1.0
video_test_0000854 71.06666666666666 72.13333333333333 79 1.0
video_test_0000854 75.06666666666666 77.13333333333333 79 1.0
video_test_0000854 78.03333333333333 82.13333333333333 79 1.0
video_test_0000854 85.4 87.13333333333333 79 1.0
video_test_0000854 90.26666666666667 92.13333333333333 79 1.0
video_test_0000854 95.8 97.13333333333333 79 1.0
video_test_0000854 99.66666666666667 102.13333333333333 79 1.0
video_test_0000854 105.93333333333334 107.13333333333333 79 1.0
video_test_0000854 109.36666666666666 112.13333333333333 79 1.0
video_test_0000854 114.43333333333334 117.13333333333333 79 1.0
video_test_0000854 120.0 122.13333333333333 79 1.0
video_test_0000854 126.96666666666667 127.13333333333333 79 1.0
video_test_0000854 129.83333333333334 132.13333333333333 79 1.0
video_test_0000854 136.1 137.7 79 1.0
video_test_0000854 138.9 140.5 79 1.0
video_test_0000854 145.66666666666666 145.5 79 1.0
video_test_0000854 146.6 150.5 79 1.0
video_test_0000854 151.93333333333334 153.53333333333333 79 1.0
video_test_0000854 161.03333333333333 162.63333333333333 79 1.0
video_test_0000854 170.13333333333333 172.63333333333333 79 1.0
video_test_0000854 175.6 177.63333333333333 79 1.0
video_test_0000854 179.06666666666666 182.63333333333333 79 1.0
video_test_0000854 185.03333333333333 187.63333333333333 79 1.0
video_test_0000854 191.23333333333332 192.63333333333333 79 1.0
video_test_0000854 196.03333333333333 197.63333333333333 79 1.0
video_test_0000854 202.13333333333333 202.73333333333332 79 1.0
video_test_0000854 206.06666666666666 207.73333333333332 79 1.0
video_test_0000854 209.46666666666667 212.73333333333332 79 1.0
video_test_0000854 214.13333333333333 217.73333333333332 79 1.0
video_test_0000854 220.86666666666667 222.73333333333332 79 1.0
video_test_0000864 12.966666666666667 15.0 45 1.0
video_test_0000864 29.733333333333334 30.0 45 1.0
video_test_0000864 37.13333333333333 40.0 45 1.0
video_test_0000864 66.66666666666667 70.0 45 1.0
video_test_0000864 112.76666666666667 115.0 45 1.0
video_test_0000864 134.46666666666667 135.43333333333334 45 1.0
video_test_0000864 169.06666666666666 170.66666666666666 45 1.0
video_test_0000864 189.6 190.66666666666666 45 1.0
video_test_0000882 11.066666666666666 12.666666666666666 36 1.0
video_test_0000882 12.7 17.666666666666664 36 1.0
video_test_0000882 18.666666666666668 20.266666666666666 36 1.0
video_test_0000882 20.333333333333332 25.266666666666666 36 1.0
video_test_0000882 29.766666666666666 30.266666666666666 36 1.0
video_test_0000882 31.6 35.266666666666666 36 1.0
video_test_0000882 37.93333333333333 40.266666666666666 36 1.0
video_test_0000882 41.93333333333333 45.266666666666666 36 1.0
video_test_0000882 45.266666666666666 50.266666666666666 36 1.0
video_test_0000882 50.266666666666666 55.266666666666666 36 1.0
video_test_0000882 55.63333333333333 60.266666666666666 36 1.0
video_test_0000882 61.63333333333333 65.26666666666667 36 1.0
video_test_0000882 67.76666666666667 70.26666666666667 36 1.0
video_test_0000882 71.66666666666667 75.26666666666667 36 1.0
video_test_0000882 76.36666666666666 80.26666666666667 36 1.0
video_test_0000882 82.66666666666667 85.26666666666667 36 1.0
video_test_0000882 86.23333333333333 90.26666666666667 36 1.0
video_test_0000882 90.63333333333334 95.26666666666667 36 1.0
video_test_0000882 96.83333333333333 100.26666666666667 36 1.0
video_test_0000882 100.26666666666667 105.26666666666667 36 1.0
video_test_0000882 107.53333333333333 110.26666666666667 36 1.0
video_test_0000882 114.0 115.26666666666667 36 1.0
video_test_0000882 118.03333333333333 120.26666666666667 36 1.0
video_test_0000882 120.5 125.26666666666667 36 1.0
video_test_0000882 126.73333333333333 130.26666666666665 36 1.0
video_test_0000882 135.13333333333333 135.26666666666665 36 1.0
video_test_0000882 138.3 140.26666666666665 36 1.0
video_test_0000882 140.43333333333334 145.26666666666665 36 1.0
video_test_0000882 147.5 150.26666666666665 36 1.0
video_test_0000882 151.13333333333333 155.26666666666665 36 1.0
video_test_0000882 158.86666666666667 160.26666666666665 36 1.0
video_test_0000882 162.83333333333334 165.26666666666665 36 1.0
video_test_0000882 166.36666666666667 170.26666666666665 36 1.0
video_test_0000882 170.36666666666667 175.26666666666665 36 1.0
video_test_0000882 175.26666666666668 180.26666666666665 36 1.0
video_test_0000882 181.13333333333333 185.26666666666665 36 1.0
video_test_0000882 186.3 190.26666666666665 36 1.0
video_test_0000882 192.33333333333334 195.26666666666665 36 1.0
video_test_0000882 195.3 200.26666666666665 36 1.0
video_test_0000882 201.26666666666668 205.26666666666665 36 1.0
video_test_0000882 207.9 210.26666666666665 36 1.0
video_test_0000882 211.43333333333334 215.26666666666665 36 1.0
video_test_0000882 218.73333333333332 220.26666666666665 36 1.0
video_test_0000882 221.53333333333333 225.26666666666665 36 1.0
video_test_0000882 225.4 230.26666666666665 36 1.0
video_test_0000882 230.26666666666668 235.26666666666665 36 1.0
video_test_0000882 235.26666666666668 240.26666666666665 36 1.0
video_test_0000887 49.1 50.0 40 1.0
video_test_0000887 52.63333333333333 55.0 40 1.0
video_test_0000887 56.733333333333334 60.0 40 1.0
video_test_0000887 62.93333333333333 65.0 40 1.0
video_test_0000887 65.36666666666666 70.0 40 1.0
video_test_0000887 128.56666666666666 130.0 40 1.0
video_test_0000887 130.36666666666667 135.0 40 1.0
video_test_0000887 158.33333333333334 160.0 40 1.0
video_test_0000887 161.7 165.0 40 1.0
video_test_0000887 169.33333333333334 170.0 40 1.0
video_test_0000887 178.8 180.0 40 1.0
video_test_0000887 186.33333333333334 190.0 40 1.0
video_test_0000887 198.1 200.0 40 1.0
video_test_0000887 204.3 205.0 40 1.0
video_test_0000887 235.7 235.0 40 1.0
video_test_0000887 247.93333333333334 250.0 40 1.0
video_test_0000887 255.63333333333333 260.0 40 1.0
video_test_0000887 271.56666666666666 275.0 40 1.0
video_test_0000887 275.8666666666667 280.0 40 1.0
video_test_0000887 280.76666666666665 285.0 40 1.0
video_test_0000887 285.0 290.0 40 1.0
video_test_0000887 290.0 295.0 40 1.0
video_test_0000887 300.0 305.0 40 1.0
video_test_0000887 315.0 320.0 40 1.0
video_test_0000887 332.6666666666667 335.0 40 1.0
video_test_0000887 364.03333333333336 365.0 40 1.0
video_test_0000887 368.0 370.0 40 1.0
video_test_0000887 370.3333333333333 375.0 40 1.0
video_test_0000896 13.033333333333333 15.0 40 1.0
video_test_0000896 18.233333333333334 20.0 40 1.0
video_test_0000896 22.533333333333335 25.0 40 1.0
video_test_0000896 26.466666666666665 30.0 40 1.0
video_test_0000896 33.03333333333333 35.0 40 1.0
video_test_0000896 40.56666666666667 40.733333333333334 40 1.0
video_test_0000896 42.166666666666664 45.733333333333334 40 1.0
video_test_0000896 60.63333333333333 60.733333333333334 40 1.0
video_test_0000896 61.6 65.73333333333333 40 1.0
video_test_0000896 75.36666666666666 75.73333333333333 40 1.0
video_test_0000896 81.96666666666667 85.73333333333333 40 1.0
video_test_0000896 93.0 95.73333333333333 40 1.0
video_test_0000897 8.033333333333333 8.9 23 1.0
video_test_0000897 12.133333333333333 13.233333333333333 23 1.0
video_test_0000897 20.366666666666667 22.1 23 1.0
video_test_0000897 27.9 29.5 23 1.0
video_test_0000897 35.46666666666667 39.5 23 1.0
video_test_0000897 48.56666666666667 50.166666666666664 23 1.0
video_test_0000897 54.0 55.166666666666664 23 1.0
video_test_0000897 55.6 57.2 23 1.0
video_test_0000897 65.8 67.13333333333334 23 1.0
video_test_0000897 76.33333333333333 77.6 23 1.0
video_test_0000897 80.33333333333333 85.33333333333333 23 1.0
video_test_0000897 89.46666666666667 91.06666666666666 23 1.0
video_test_0000897 91.43333333333334 96.06666666666666 23 1.0
video_test_0000897 99.63333333333334 101.23333333333333 23 1.0
video_test_0000897 106.26666666666667 107.36666666666666 23 1.0
video_test_0000903 10.833333333333334 11.666666666666666 9 1.0
video_test_0000903 12.066666666666666 12.233333333333333 9 1.0
video_test_0000903 14.8 16.2 9 1.0
video_test_0000903 18.733333333333334 19.433333333333334 9 1.0
video_test_0000903 20.2 21.1 9 1.0
video_test_0000903 22.666666666666668 24.266666666666666 9 1.0
video_test_0000903 28.666666666666668 29.1 9 1.0
video_test_0000903 32.333333333333336 34.1 9 1.0
video_test_0000903 35.666666666666664 39.1 9 1.0
video_test_0000903 40.63333333333333 44.1 9 1.0
video_test_0000903 44.9 49.1 9 1.0
video_test_0000903 50.7 54.1 9 1.0
video_test_0000903 57.166666666666664 58.666666666666664 9 1.0
video_test_0000903 60.3 63.666666666666664 9 1.0
video_test_0000903 66.53333333333333 67.33333333333333 9 1.0
video_test_0000903 69.53333333333333 70.93333333333334 9 1.0
video_test_0000903 73.33333333333333 74.56666666666666 9 1.0
video_test_0000903 77.43333333333334 78.3 9 1.0
video_test_0000903 79.73333333333333 81.0 9 1.0
video_test_0000903 83.56666666666666 84.6 9 1.0
video_test_0000903 86.43333333333334 87.83333333333333 9 1.0
video_test_0000903 90.66666666666667 91.4 9 1.0
video_test_0000903 92.96666666666667 93.9 9 1.0
video_test_0000903 94.4 95.26666666666667 9 1.0
video_test_0000903 95.26666666666667 96.03333333333333 9 1.0
video_test_0000903 99.36666666666666 101.03333333333333 9 1.0
video_test_0000903 104.5 105.66666666666667 9 1.0
video_test_0000903 108.3 110.66666666666667 9 1.0
video_test_0000903 114.46666666666667 114.9 9 1.0
video_test_0000903 118.63333333333334 119.9 9 1.0
video_test_0000903 121.73333333333333 122.46666666666667 9 1.0
video_test_0000903 124.63333333333334 127.46666666666667 9 1.0
video_test_0000903 130.63333333333333 131.36666666666667 9 1.0
video_test_0000903 134.06666666666666 136.36666666666667 9 1.0
video_test_0000903 138.96666666666667 141.36666666666667 9 1.0
video_test_0000903 142.1 146.36666666666667 9 1.0
video_test_0000903 149.46666666666667 151.36666666666667 9 1.0
video_test_0000903 153.03333333333333 156.36666666666667 9 1.0
video_test_0000903 157.2 161.36666666666667 9 1.0
video_test_0000903 162.33333333333334 163.13333333333333 9 1.0
video_test_0000903 165.63333333333333 168.13333333333333 9 1.0
video_test_0000903 172.73333333333332 173.13333333333333 9 1.0
video_test_0000903 177.06666666666666 178.13333333333333 9 1.0
video_test_0000903 180.5 183.13333333333333 9 1.0
video_test_0000903 185.06666666666666 186.3 9 1.0
video_test_0000903 189.7 191.3 9 1.0
video_test_0000903 194.03333333333333 195.2 9 1.0
video_test_0000903 198.0 199.43333333333334 9 1.0
video_test_0000903 201.4 202.13333333333333 9 1.0
video_test_0000903 204.66666666666666 207.13333333333333 9 1.0
video_test_0000903 209.73333333333332 210.9 9 1.0
video_test_0000903 213.33333333333334 215.9 9 1.0
video_test_0000903 217.93333333333334 220.9 9 1.0
video_test_0000903 221.16666666666666 225.9 9 1.0
video_test_0000903 228.16666666666666 230.9 9 1.0
video_test_0000903 231.4 235.9 9 1.0
video_test_0000903 236.03333333333333 240.9 9 1.0
video_test_0000903 241.03333333333333 241.43333333333334 9 1.0
video_test_0000903 243.2 243.96666666666667 9 1.0
video_test_0000903 246.0 246.73333333333332 9 1.0
video_test_0000903 251.16666666666666 251.73333333333332 9 1.0
video_test_0000903 254.06666666666666 256.73333333333335 9 1.0
video_test_0000903 258.43333333333334 259.3 9 1.0
video_test_0000903 261.5 262.06666666666666 9 1.0
video_test_0000903 267.93333333333334 268.76666666666665 9 1.0
video_test_0000903 269.76666666666665 270.6666666666667 9 1.0
video_test_0000903 272.8333333333333 273.96666666666664 9 1.0
video_test_0000903 276.53333333333336 278.1333333333333 9 1.0
video_test_0000903 281.46666666666664 283.1333333333333 9 1.0
video_test_0000903 284.96666666666664 288.1333333333333 9 1.0
video_test_0000903 289.7 293.1333333333333 9 1.0
video_test_0000903 293.23333333333335 298.1333333333333 9 1.0
video_test_0000940 1.1333333333333333 7.066666666666666 22 1.0
video_test_0000940 36.766666666666666 37.06666666666666 22 1.0
video_test_0000940 37.93333333333333 42.06666666666666 22 1.0
video_test_0000940 42.06666666666667 47.06666666666666 22 1.0
video_test_0000940 47.63333333333333 52.06666666666666 22 1.0
video_test_0000940 52.06666666666667 57.06666666666666 22 1.0
video_test_0000940 68.56666666666666 72.06666666666666 22 1.0
video_test_0000940 84.66666666666667 87.06666666666666 22 1.0
video_test_0000940 87.23333333333333 92.06666666666666 22 1.0
video_test_0000940 17.6 18.1 26 1.0
video_test_0000940 41.266666666666666 43.1 26 1.0
video_test_0000940 43.733333333333334 48.1 26 1.0
video_test_0000940 48.233333333333334 53.1 26 1.0
video_test_0000940 53.1 54.1 26 1.0
video_test_0000940 68.36666666666666 69.1 26 1.0
video_test_0000940 82.06666666666666 84.1 26 1.0
video_test_0000940 85.86666666666666 89.1 26 1.0
video_test_0000946 2.433333333333333 3.2 7 1.0
video_test_0000946 5.7 6.7 7 1.0
video_test_0000946 13.066666666666666 14.466666666666667 7 1.0
video_test_0000946 14.8 16.4 7 1.0
video_test_0000946 16.4 17.966666666666665 7 1.0
video_test_0000946 18.2 18.366666666666667 7 1.0
video_test_0000946 22.2 23.8 7 1.0
video_test_0000950 2.6 5.0 36 1.0
video_test_0000950 7.44 10.0 36 1.0
video_test_0000950 10.12 15.0 36 1.0
video_test_0000950 16.92 20.0 36 1.0
video_test_0000950 20.08 25.0 36 1.0
video_test_0000950 41.44 42.28 36 1.0
video_test_0000950 42.72 47.28 36 1.0
video_test_0000950 47.28 52.28 36 1.0
video_test_0000950 70.4 72.28 36 1.0
video_test_0000950 72.28 77.28 36 1.0
video_test_0000950 81.64 82.28 36 1.0
video_test_0000950 87.0 87.28 36 1.0
video_test_0000950 87.28 92.28 36 1.0
video_test_0000950 103.52 105.76 36 1.0
video_test_0000950 105.92 110.76 36 1.0
video_test_0000950 111.68 115.76 36 1.0
video_test_0000950 128.92 130.32 36 1.0
video_test_0000950 130.56 135.32 36 1.0
video_test_0000950 136.84 140.32 36 1.0
video_test_0000950 140.68 145.32 36 1.0
video_test_0000950 154.08 155.32 36 1.0
video_test_0000950 155.56 160.32 36 1.0
video_test_0000950 162.88 165.32 36 1.0
video_test_0000950 166.2 170.32 36 1.0
video_test_0000950 178.76 180.32 36 1.0
video_test_0000950 199.8 200.32 36 1.0
video_test_0000950 202.48 205.32 36 1.0
video_test_0000950 205.48 210.32 36 1.0
video_test_0000950 215.08 215.32 36 1.0
video_test_0000950 217.04 220.32 36 1.0
video_test_0000950 252.92 254.16 36 1.0
video_test_0000950 254.84 259.15999999999997 36 1.0
video_test_0000950 259.72 264.15999999999997 36 1.0
video_test_0000950 272.68 274.15999999999997 36 1.0
video_test_0000950 275.96 277.36 36 1.0
video_test_0000950 277.52 282.36 36 1.0
video_test_0000950 283.88 287.36 36 1.0
video_test_0000950 297.88 302.36 36 1.0
video_test_0000950 304.48 307.36 36 1.0
video_test_0000950 307.6 312.36 36 1.0
video_test_0000950 339.8 342.36 36 1.0
video_test_0000950 342.36 347.36 36 1.0
video_test_0000950 361.44 361.54 36 1.0
video_test_0000950 383.84 385.28 36 1.0
video_test_0000950 389.48 390.28 36 1.0
video_test_0000950 392.88 395.28 36 1.0
video_test_0000950 395.88 400.28 36 1.0
video_test_0000950 415.12 415.28 36 1.0
video_test_0000950 415.28 420.28 36 1.0
video_test_0000950 420.8 421.84 36 1.0
video_test_0000950 421.84 426.84 36 1.0
video_test_0000950 441.6 441.84 36 1.0
video_test_0000950 443.04 446.84 36 1.0
video_test_0000950 450.68 451.84 36 1.0
video_test_0000950 452.28 456.84 36 1.0
video_test_0000950 456.84 461.84 36 1.0
video_test_0000950 476.72 477.52 36 1.0
video_test_0000950 477.76 482.52 36 1.0
video_test_0000950 482.68 487.52 36 1.0
video_test_0000950 490.44 492.52 36 1.0
video_test_0000950 508.0 512.52 36 1.0
video_test_0000950 514.92 517.52 36 1.0
video_test_0000950 519.16 522.52 36 1.0
video_test_0000950 523.32 527.52 36 1.0
video_test_0000950 555.12 557.52 36 1.0
video_test_0000950 558.36 562.52 36 1.0
video_test_0000950 580.52 582.52 36 1.0
video_test_0000950 587.6 592.52 36 1.0
video_test_0000950 597.28 597.52 36 1.0
video_test_0000950 598.4 602.52 36 1.0
video_test_0000950 603.68 607.52 36 1.0
video_test_0000950 609.32 612.52 36 1.0
video_test_0000950 614.2 617.52 36 1.0
video_test_0000950 638.6 642.52 36 1.0
video_test_0000950 649.36 652.52 36 1.0
video_test_0000950 653.2 657.52 36 1.0
video_test_0000950 662.0 663.44 36 1.0
video_test_0000950 664.68 668.44 36 1.0
video_test_0000950 672.4 673.44 36 1.0
video_test_0000950 673.52 678.44 36 1.0
video_test_0000950 697.48 698.44 36 1.0
video_test_0000950 700.64 703.44 36 1.0
video_test_0000950 703.44 708.44 36 1.0
video_test_0000950 709.12 713.44 36 1.0
video_test_0000950 715.08 718.44 36 1.0
video_test_0000950 738.68 738.92 36 1.0
video_test_0000950 738.92 743.92 36 1.0
video_test_0000950 766.92 768.92 36 1.0
video_test_0000950 772.72 773.92 36 1.0
video_test_0000950 773.92 778.92 36 1.0
video_test_0000950 781.6 783.92 36 1.0
video_test_0000950 784.0 788.92 36 1.0
video_test_0000950 799.12 798.92 36 1.0
video_test_0000950 799.12 803.92 36 1.0
video_test_0000950 804.72 808.92 36 1.0
video_test_0000950 823.04 823.92 36 1.0
video_test_0000950 825.2 828.92 36 1.0
video_test_0000950 831.04 833.92 36 1.0
video_test_0000950 833.92 838.92 36 1.0
video_test_0000950 852.56 853.92 36 1.0
video_test_0000950 860.16 863.92 36 1.0
video_test_0000950 864.08 868.92 36 1.0
video_test_0000950 871.88 873.92 36 1.0
video_test_0000950 875.48 878.92 36 1.0
video_test_0000950 881.36 883.92 36 1.0
video_test_0000950 885.08 886.52 36 1.0
video_test_0000950 886.56 891.52 36 1.0
video_test_0000950 900.84 901.52 36 1.0
video_test_0000950 911.64 911.52 36 1.0
video_test_0000950 911.6 916.52 36 1.0
video_test_0000950 916.52 921.52 36 1.0
video_test_0000950 923.6 926.52 36 1.0
video_test_0000950 927.8 931.52 36 1.0
video_test_0000950 942.8 946.52 36 1.0
video_test_0000950 949.8 951.52 36 1.0
video_test_0000950 954.36 956.52 36 1.0
video_test_0000950 956.72 961.52 36 1.0
video_test_0000950 974.04 976.52 36 1.0
video_test_0000950 977.48 981.52 36 1.0
video_test_0000950 981.68 986.52 36 1.0
video_test_0000950 995.2 996.52 36 1.0
video_test_0000950 996.52 1001.52 36 1.0
video_test_0000950 1002.92 1006.52 36 1.0
video_test_0000950 1020.0 1021.52 36 1.0
video_test_0000950 1025.56 1026.52 36 1.0
video_test_0000950 1026.84 1031.52 36 1.0
video_test_0000950 1031.52 1036.52 36 1.0
video_test_0000950 1044.68 1046.52 36 1.0
video_test_0000950 1046.96 1051.52 36 1.0
video_test_0000950 1052.72 1056.52 36 1.0
video_test_0000950 1064.44 1066.52 36 1.0
video_test_0000950 1066.52 1071.52 36 1.0
video_test_0000950 1082.16 1086.52 36 1.0
video_test_0000950 1087.8 1091.52 36 1.0
video_test_0000950 1091.52 1096.52 36 1.0
video_test_0000950 1100.48 1101.52 36 1.0
video_test_0000950 1118.72 1121.52 36 1.0
video_test_0000950 1122.6 1126.52 36 1.0
video_test_0000950 1127.48 1131.52 36 1.0
video_test_0000950 1140.4 1141.52 36 1.0
video_test_0000950 1159.56 1161.52 36 1.0
video_test_0000950 1168.12 1171.52 36 1.0
video_test_0000950 1174.76 1176.52 36 1.0
video_test_0000950 1177.96 1181.52 36 1.0
video_test_0000950 1182.08 1186.52 36 1.0
video_test_0000950 1195.04 1196.52 36 1.0
video_test_0000950 1205.76 1206.52 36 1.0
video_test_0000950 1213.48 1216.52 36 1.0
video_test_0000950 1219.48 1221.52 36 1.0
video_test_0000950 1239.04 1241.52 36 1.0
video_test_0000950 1241.52 1246.52 36 1.0
video_test_0000950 1248.04 1251.52 36 1.0
video_test_0000950 1252.0 1253.44 36 1.0
video_test_0000950 1253.6 1258.44 36 1.0
video_test_0000950 1278.4 1278.44 36 1.0
video_test_0000950 1278.44 1283.44 36 1.0
video_test_0000950 1283.44 1288.44 36 1.0
video_test_0000950 1295.24 1298.44 36 1.0
video_test_0000964 10.366666666666667 11.966666666666667 7 1.0
video_test_0000964 14.266666666666667 15.866666666666667 7 1.0
video_test_0000964 42.833333333333336 44.03333333333333 7 1.0
video_test_0000964 44.93333333333333 46.53333333333333 7 1.0
video_test_0000964 47.833333333333336 47.9 7 1.0
video_test_0000964 51.2 52.8 7 1.0
video_test_0000964 55.63333333333333 57.8 7 1.0
video_test_0000981 3.8666666666666667 6.233333333333333 23 1.0
video_test_0000981 22.333333333333332 22.233333333333334 23 1.0
video_test_0000981 24.9 26.5 23 1.0
video_test_0000987 24.0 24.9 93 1.0
video_test_0000987 37.8 38.8 93 1.0
video_test_0000987 45.6 46.8 93 1.0
video_test_0000987 48.6 50.0 93 1.0
video_test_0000987 62.86666666666667 64.46666666666667 93 1.0
video_test_0000987 77.6 77.69999999999999 93 1.0
video_test_0000987 85.3 87.69999999999999 93 1.0
video_test_0000987 89.56666666666666 90.36666666666666 93 1.0
video_test_0000987 95.06666666666666 96.66666666666667 93 1.0
video_test_0000987 99.66666666666667 100.26666666666667 93 1.0
video_test_0000987 100.66666666666667 102.26666666666667 93 1.0
video_test_0000987 102.4 103.16666666666667 93 1.0
video_test_0000987 107.63333333333334 108.16666666666667 93 1.0
video_test_0000987 111.83333333333333 113.16666666666667 93 1.0
video_test_0000987 121.16666666666667 122.76666666666667 93 1.0
video_test_0000987 161.66666666666666 162.36666666666667 93 1.0
video_test_0000987 165.46666666666667 166.56666666666666 93 1.0
video_test_0000987 168.36666666666667 168.96666666666667 93 1.0
video_test_0000987 174.56666666666666 176.16666666666666 93 1.0
video_test_0000989 3.6666666666666665 5.066666666666666 26 1.0
video_test_0000989 8.2 10.066666666666666 26 1.0
video_test_0000989 10.066666666666666 15.066666666666666 26 1.0
video_test_0000989 22.4 25.066666666666666 26 1.0
video_test_0000989 28.4 30.066666666666666 26 1.0
video_test_0000989 30.9 32.1 26 1.0
video_test_0000989 34.333333333333336 37.1 26 1.0
video_test_0000989 37.13333333333333 42.1 26 1.0
video_test_0000989 42.1 47.1 26 1.0
video_test_0000989 61.3 62.1 26 1.0
video_test_0000989 65.83333333333333 67.1 26 1.0
video_test_0000989 68.26666666666667 72.1 26 1.0
video_test_0000989 72.1 73.7 26 1.0
video_test_0000989 75.5 76.9 26 1.0
video_test_0000989 83.03333333333333 86.9 26 1.0
video_test_0000989 92.36666666666666 91.9 26 1.0
video_test_0000989 92.33333333333333 96.9 26 1.0
video_test_0000989 97.16666666666667 101.9 26 1.0
video_test_0000989 106.13333333333334 106.9 26 1.0
video_test_0000989 107.93333333333334 111.9 26 1.0
video_test_0000989 111.96666666666667 116.9 26 1.0
video_test_0000989 116.9 121.9 26 1.0
video_test_0000989 122.43333333333334 123.53333333333333 26 1.0
video_test_0000989 126.53333333333333 128.53333333333333 26 1.0
video_test_0000989 128.53333333333333 133.53333333333333 26 1.0
video_test_0000989 136.86666666666667 138.53333333333333 26 1.0
video_test_0000989 140.5 143.53333333333333 26 1.0
video_test_0000989 145.96666666666667 148.53333333333333 26 1.0
video_test_0000989 148.53333333333333 153.53333333333333 26 1.0
video_test_0000989 153.53333333333333 158.53333333333333 26 1.0
video_test_0000989 172.46666666666667 173.53333333333333 26 1.0
video_test_0000989 173.6 178.53333333333333 26 1.0
video_test_0000989 178.93333333333334 183.53333333333333 26 1.0
video_test_0000989 186.53333333333333 188.53333333333333 26 1.0
video_test_0000991 4.7 8.333333333333334 85 1.0
video_test_0000991 10.866666666666667 11.966666666666667 85 1.0
video_test_0000991 12.733333333333333 13.833333333333334 85 1.0
video_test_0000991 26.733333333333334 28.333333333333332 85 1.0
video_test_0000991 33.96666666666667 38.33333333333333 85 1.0
video_test_0000991 38.33333333333333 38.93333333333333 85 1.0
video_test_0000991 47.2 48.6 85 1.0
video_test_0000991 49.1 50.2 85 1.0
video_test_0000991 55.2 60.2 85 1.0
video_test_0000991 66.46666666666667 68.06666666666666 85 1.0
video_test_0000991 68.83333333333333 73.06666666666666 85 1.0
video_test_0001008 9.366666666666667 10.0 40 1.0
video_test_0001008 11.0 15.0 40 1.0
video_test_0001008 17.7 20.0 40 1.0
video_test_0001008 28.733333333333334 30.0 40 1.0
video_test_0001008 38.43333333333333 40.0 40 1.0
video_test_0001008 40.6 45.0 40 1.0
video_test_0001008 45.96666666666667 50.0 40 1.0
video_test_0001008 58.43333333333333 60.0 40 1.0
video_test_0001008 60.13333333333333 65.0 40 1.0
video_test_0001008 70.53333333333333 75.0 40 1.0
video_test_0001008 83.6 85.0 40 1.0
video_test_0001008 87.46666666666667 90.0 40 1.0
video_test_0001008 90.73333333333333 95.0 40 1.0
video_test_0001038 28.966666666666665 29.833333333333332 7 1.0
video_test_0001038 35.06666666666667 35.666666666666664 7 1.0
video_test_0001038 51.46666666666667 53.06666666666667 7 1.0
video_test_0001038 110.8 111.73333333333333 7 1.0
video_test_0001038 111.86666666666666 113.46666666666667 7 1.0
video_test_0001038 113.53333333333333 113.6 7 1.0
video_test_0001039 14.966666666666667 15.0 79 1.0
video_test_0001039 16.633333333333333 20.0 79 1.0
video_test_0001039 42.6 45.0 79 1.0
video_test_0001039 47.13333333333333 50.0 79 1.0
video_test_0001039 53.03333333333333 55.0 79 1.0
video_test_0001039 58.166666666666664 60.0 79 1.0
video_test_0001039 63.36666666666667 64.8 79 1.0
video_test_0001039 68.3 69.9 79 1.0
video_test_0001039 72.83333333333333 74.9 79 1.0
video_test_0001039 78.33333333333333 79.9 79 1.0
video_test_0001039 88.7 89.9 79 1.0
video_test_0001039 92.6 94.9 79 1.0
video_test_0001039 98.23333333333333 99.9 79 1.0
video_test_0001039 103.73333333333333 104.9 79 1.0
video_test_0001039 106.53333333333333 109.9 79 1.0
video_test_0001039 114.26666666666667 115.86666666666666 79 1.0
video_test_0001039 117.26666666666667 120.86666666666666 79 1.0
video_test_0001039 124.0 125.86666666666666 79 1.0
video_test_0001039 127.43333333333334 130.86666666666667 79 1.0
video_test_0001039 131.6 133.2 79 1.0
video_test_0001039 137.0 138.2 79 1.0
video_test_0001039 139.46666666666667 143.2 79 1.0
video_test_0001039 148.06666666666666 148.2 79 1.0
video_test_0001039 152.3 153.2 79 1.0
video_test_0001039 160.86666666666667 163.2 79 1.0
video_test_0001039 163.36666666666667 168.2 79 1.0
video_test_0001039 173.7 174.3 79 1.0
video_test_0001039 175.1 179.3 79 1.0
video_test_0001039 189.8 194.3 79 1.0
video_test_0001039 199.8 199.3 79 1.0
video_test_0001039 208.56666666666666 212.96666666666667 79 1.0
video_test_0001039 215.5 217.96666666666667 79 1.0
video_test_0001039 219.0 222.96666666666667 79 1.0
video_test_0001039 225.1 227.96666666666667 79 1.0
video_test_0001040 13.3 15.0 79 1.0
video_test_0001040 22.4 25.0 79 1.0
video_test_0001040 27.666666666666668 30.0 79 1.0
video_test_0001040 37.96666666666667 40.0 79 1.0
video_test_0001040 40.13333333333333 45.0 79 1.0
video_test_0001040 48.3 48.4 79 1.0
video_test_0001040 50.0 53.4 79 1.0
video_test_0001040 59.63333333333333 63.4 79 1.0
video_test_0001040 66.43333333333334 68.4 79 1.0
video_test_0001040 72.93333333333334 73.4 79 1.0
video_test_0001040 73.86666666666666 78.4 79 1.0
video_test_0001040 84.13333333333334 88.4 79 1.0
video_test_0001040 107.36666666666666 108.4 79 1.0
video_test_0001040 109.03333333333333 109.9 79 1.0
video_test_0001040 116.73333333333333 119.9 79 1.0
video_test_0001040 125.7 129.9 79 1.0
video_test_0001040 133.56666666666666 134.9 79 1.0
video_test_0001040 137.53333333333333 139.9 79 1.0
video_test_0001040 148.86666666666667 149.46666666666667 79 1.0
video_test_0001040 155.96666666666667 159.46666666666667 79 1.0
video_test_0001040 166.3 169.46666666666667 79 1.0
video_test_0001058 1.24 5.0 36 1.0
video_test_0001058 6.8 10.0 36 1.0
video_test_0001058 25.4 30.0 36 1.0
video_test_0001058 30.0 35.0 36 1.0
video_test_0001058 40.2 45.0 36 1.0
video_test_0001058 45.0 50.0 36 1.0
video_test_0001058 54.2 55.0 36 1.0
video_test_0001058 55.56 60.0 36 1.0
video_test_0001058 63.72 65.0 36 1.0
video_test_0001058 65.16 70.0 36 1.0
video_test_0001058 79.04 80.0 36 1.0
video_test_0001058 80.0 85.0 36 1.0
video_test_0001058 94.17999999999999 99.17999999999999 36 1.0
video_test_0001058 103.76 104.17999999999999 36 1.0
video_test_0001058 104.32 109.17999999999999 36 1.0
video_test_0001058 109.17999999999999 114.17999999999999 36 1.0
video_test_0001058 126.32 129.18 36 1.0
video_test_0001058 130.96 134.18 36 1.0
video_test_0001058 134.28 139.18 36 1.0
video_test_0001058 139.92 144.18 36 1.0
video_test_0001058 148.2 149.18 36 1.0
video_test_0001058 152.52 153.92 36 1.0
video_test_0001058 155.44 158.92 36 1.0
video_test_0001058 175.4 178.92 36 1.0
video_test_0001058 178.92 183.92 36 1.0
video_test_0001058 186.56 188.92 36 1.0
video_test_0001058 188.92 189.0 36 1.0
video_test_0001058 196.28 199.0 36 1.0
video_test_0001058 199.0 204.0 36 1.0
video_test_0001058 209.84 212.08 36 1.0
video_test_0001058 225.16 227.08 36 1.0
video_test_0001058 227.24 232.08 36 1.0
video_test_0001058 234.0 237.08 36 1.0
video_test_0001058 237.32 242.08 36 1.0
video_test_0001058 244.24 247.08 36 1.0
video_test_0001058 248.76 252.08 36 1.0
video_test_0001058 252.08 257.08000000000004 36 1.0
video_test_0001058 261.88 262.08000000000004 36 1.0
video_test_0001058 263.08 267.08000000000004 36 1.0
video_test_0001058 267.56 272.08000000000004 36 1.0
video_test_0001058 288.12 292.08000000000004 36 1.0
video_test_0001058 292.12 297.08000000000004 36 1.0
video_test_0001058 303.96 307.08000000000004 36 1.0
video_test_0001058 307.92 312.08000000000004 36 1.0
video_test_0001058 332.32 332.08000000000004 36 1.0
video_test_0001058 332.4 337.08000000000004 36 1.0
video_test_0001058 337.32 342.08000000000004 36 1.0
video_test_0001058 345.84 347.08000000000004 36 1.0
video_test_0001058 347.56 352.08000000000004 36 1.0
video_test_0001058 353.24 357.08000000000004 36 1.0
video_test_0001058 357.36 362.08000000000004 36 1.0
video_test_0001058 367.12 372.08000000000004 36 1.0
video_test_0001058 375.84 377.08000000000004 36 1.0
video_test_0001058 377.32 378.76 36 1.0
video_test_0001058 378.76 383.76 36 1.0
video_test_0001058 391.48 393.76 36 1.0
video_test_0001058 395.2 398.76 36 1.0
video_test_0001058 399.56 403.76 36 1.0
video_test_0001058 416.56 418.76 36 1.0
video_test_0001058 418.76 423.76 36 1.0
video_test_0001058 423.88 428.76 36 1.0
video_test_0001058 428.76 433.76 36 1.0
video_test_0001058 444.44 443.76 36 1.0
video_test_0001058 444.44 448.76 36 1.0
video_test_0001058 448.96 453.76 36 1.0
video_test_0001058 462.44 463.76 36 1.0
video_test_0001058 469.52 473.76 36 1.0
video_test_0001058 480.68 483.76 36 1.0
video_test_0001058 483.88 488.76 36 1.0
video_test_0001058 489.08 493.76 36 1.0
video_test_0001058 508.64 508.76 36 1.0
video_test_0001058 508.8 513.76 36 1.0
video_test_0001058 516.84 518.76 36 1.0
video_test_0001058 518.84 523.76 36 1.0
video_test_0001058 530.24 533.76 36 1.0
video_test_0001058 533.76 538.76 36 1.0
video_test_0001058 555.04 558.76 36 1.0
video_test_0001058 559.24 563.76 36 1.0
video_test_0001058 581.44 583.76 36 1.0
video_test_0001058 583.8 588.76 36 1.0
video_test_0001058 588.76 593.76 36 1.0
video_test_0001058 594.2 598.76 36 1.0
video_test_0001058 598.76 603.76 36 1.0
video_test_0001058 606.28 608.76 36 1.0
video_test_0001058 610.16 613.76 36 1.0
video_test_0001058 626.76 628.76 36 1.0
video_test_0001058 628.76 633.76 36 1.0
video_test_0001058 646.76 647.72 36 1.0
video_test_0001058 648.44 652.72 36 1.0
video_test_0001058 654.64 657.72 36 1.0
video_test_0001058 658.76 662.72 36 1.0
video_test_0001058 671.8 672.72 36 1.0
video_test_0001058 673.4 677.72 36 1.0
video_test_0001058 677.76 682.72 36 1.0
video_test_0001058 695.92 697.72 36 1.0
video_test_0001058 699.08 702.72 36 1.0
video_test_0001058 705.44 707.72 36 1.0
video_test_0001058 710.76 712.2 36 1.0
video_test_0001058 714.44 717.2 36 1.0
video_test_0001058 717.92 722.2 36 1.0
video_test_0001058 722.2 727.2 36 1.0
video_test_0001058 747.64 752.2 36 1.0
video_test_0001058 755.08 757.2 36 1.0
video_test_0001058 761.52 762.2 36 1.0
video_test_0001058 766.16 767.2 36 1.0
video_test_0001058 767.2 772.2 36 1.0
video_test_0001058 780.16 782.2 36 1.0
video_test_0001058 782.36 787.2 36 1.0
video_test_0001058 813.36 817.08 36 1.0
video_test_0001058 830.96 832.08 36 1.0
video_test_0001058 835.44 837.08 36 1.0
video_test_0001058 837.6 842.08 36 1.0
video_test_0001058 842.08 847.08 36 1.0
video_test_0001058 861.8 862.08 36 1.0
video_test_0001058 862.08 867.08 36 1.0
video_test_0001058 871.44 872.08 36 1.0
video_test_0001058 885.6 887.08 36 1.0
video_test_0001058 887.08 892.08 36 1.0
video_test_0001058 892.32 893.76 36 1.0
video_test_0001058 894.84 898.76 36 1.0
video_test_0001058 908.48 908.76 36 1.0
video_test_0001058 908.92 913.76 36 1.0
video_test_0001058 913.76 918.76 36 1.0
video_test_0001058 920.36 923.76 36 1.0
video_test_0001058 931.72 933.76 36 1.0
video_test_0001058 935.52 938.76 36 1.0
video_test_0001058 939.0 943.76 36 1.0
video_test_0001064 7.166666666666667 9.966666666666667 9 1.0
video_test_0001064 13.5 15.1 9 1.0
video_test_0001064 16.633333333333333 17.866666666666667 9 1.0
video_test_0001064 17.933333333333334 18.366666666666667 9 1.0
video_test_0001064 19.666666666666668 20.4 9 1.0
video_test_0001064 21.733333333333334 23.133333333333333 9 1.0
video_test_0001064 24.5 25.7 9 1.0
video_test_0001064 30.433333333333334 31.666666666666668 9 1.0
video_test_0001064 38.06666666666667 39.06666666666667 9 1.0
video_test_0001064 42.0 43.166666666666664 9 1.0
video_test_0001064 46.733333333333334 47.46666666666667 9 1.0
video_test_0001064 49.733333333333334 52.46666666666667 9 1.0
video_test_0001064 54.36666666666667 57.46666666666667 9 1.0
video_test_0001064 59.46666666666667 60.63333333333333 9 1.0
video_test_0001064 62.333333333333336 65.63333333333333 9 1.0
video_test_0001064 66.63333333333334 70.63333333333333 9 1.0
video_test_0001064 72.66666666666667 73.8 9 1.0
video_test_0001064 76.7 78.03333333333333 9 1.0
video_test_0001064 82.46666666666667 83.2 9 1.0
video_test_0001064 86.53333333333333 88.2 9 1.0
video_test_0001064 88.46666666666667 93.2 9 1.0
video_test_0001064 94.8 98.2 9 1.0
video_test_0001064 102.26666666666667 102.43333333333334 9 1.0
video_test_0001064 104.06666666666666 107.43333333333334 9 1.0
video_test_0001064 110.46666666666667 111.16666666666667 9 1.0
video_test_0001064 113.33333333333333 113.8 9 1.0
video_test_0001064 116.66666666666667 118.8 9 1.0
video_test_0001064 119.96666666666667 123.8 9 1.0
video_test_0001064 123.83333333333333 128.8 9 1.0
video_test_0001064 132.76666666666668 133.8 9 1.0
video_test_0001064 133.8 135.4 9 1.0
video_test_0001064 138.23333333333332 140.4 9 1.0
video_test_0001064 143.9 145.36666666666667 9 1.0
video_test_0001064 148.16666666666666 150.36666666666667 9 1.0
video_test_0001064 150.53333333333333 152.03333333333333 9 1.0
video_test_0001064 156.96666666666667 158.13333333333333 9 1.0
video_test_0001064 159.96666666666667 161.2 9 1.0
video_test_0001064 163.63333333333333 166.2 9 1.0
video_test_0001064 168.66666666666666 169.1 9 1.0
video_test_0001064 172.53333333333333 174.1 9 1.0
video_test_0001064 177.63333333333333 179.1 9 1.0
video_test_0001064 180.13333333333333 184.1 9 1.0
video_test_0001064 185.76666666666668 187.26666666666668 9 1.0
video_test_0001064 187.53333333333333 188.76666666666668 9 1.0
video_test_0001064 191.43333333333334 193.03333333333333 9 1.0
video_test_0001064 193.86666666666667 198.03333333333333 9 1.0
video_test_0001064 198.83333333333334 200.03333333333333 9 1.0
video_test_0001064 202.23333333333332 203.2 9 1.0
video_test_0001064 206.46666666666667 207.63333333333333 9 1.0
video_test_0001064 207.63333333333333 208.3 9 1.0
video_test_0001064 212.66666666666666 213.3 9 1.0
video_test_0001064 216.5 217.66666666666666 9 1.0
video_test_0001064 224.8 226.13333333333333 9 1.0
video_test_0001064 232.3 233.4 9 1.0
video_test_0001064 235.63333333333333 236.83333333333334 9 1.0
video_test_0001064 243.83333333333334 248.33333333333334 9 1.0
video_test_0001064 249.2 249.8 9 1.0
video_test_0001064 252.5 253.96666666666667 9 1.0
video_test_0001064 257.93333333333334 258.9666666666667 9 1.0
video_test_0001064 260.9 263.9666666666667 9 1.0
video_test_0001066 3.7333333333333334 8.366666666666667 79 1.0
video_test_0001066 15.833333333333334 17.433333333333334 79 1.0
video_test_0001066 20.566666666666666 22.433333333333334 79 1.0
video_test_0001066 23.933333333333334 27.433333333333334 79 1.0
video_test_0001066 32.3 32.43333333333334 79 1.0
video_test_0001066 34.833333333333336 37.43333333333334 79 1.0
video_test_0001066 48.96666666666667 50.733333333333334 79 1.0
video_test_0001066 54.266666666666666 55.36666666666667 79 1.0
video_test_0001066 59.36666666666667 60.36666666666667 79 1.0
video_test_0001066 63.833333333333336 65.36666666666667 79 1.0
video_test_0001066 68.76666666666667 69.86666666666666 79 1.0
video_test_0001066 78.56666666666666 79.86666666666666 79 1.0
video_test_0001066 84.26666666666667 84.86666666666666 79 1.0
video_test_0001066 88.2 89.86666666666666 79 1.0
video_test_0001066 92.9 94.86666666666666 79 1.0
video_test_0001066 98.83333333333333 99.86666666666666 79 1.0
video_test_0001066 102.3 104.86666666666666 79 1.0
video_test_0001066 117.66666666666667 119.26666666666667 79 1.0
video_test_0001066 126.2 128.4 79 1.0
video_test_0001066 131.46666666666667 133.4 79 1.0
video_test_0001066 135.36666666666667 138.4 79 1.0
video_test_0001066 140.13333333333333 143.4 79 1.0
video_test_0001072 6.2 8.566666666666666 36 1.0
video_test_0001072 10.066666666666666 13.566666666666666 36 1.0
video_test_0001072 14.066666666666666 18.566666666666666 36 1.0
video_test_0001072 35.46666666666667 37.86666666666667 36 1.0
video_test_0001072 39.93333333333333 42.86666666666667 36 1.0
video_test_0001072 43.333333333333336 47.86666666666667 36 1.0
video_test_0001072 61.3 62.86666666666667 36 1.0
video_test_0001072 64.86666666666666 67.86666666666667 36 1.0
video_test_0001072 67.86666666666667 72.86666666666667 36 1.0
video_test_0001072 80.36666666666666 82.86666666666667 36 1.0
video_test_0001072 83.66666666666667 85.26666666666667 36 1.0
video_test_0001072 86.86666666666666 90.26666666666667 36 1.0
video_test_0001072 93.16666666666667 95.26666666666667 36 1.0
video_test_0001072 97.73333333333333 100.26666666666667 36 1.0
video_test_0001072 109.06666666666666 110.26666666666667 36 1.0
video_test_0001072 117.13333333333334 120.26666666666667 36 1.0
video_test_0001072 122.43333333333334 125.26666666666667 36 1.0
video_test_0001072 125.26666666666667 130.26666666666665 36 1.0
video_test_0001072 130.36666666666667 135.26666666666665 36 1.0
video_test_0001072 153.06666666666666 155.26666666666665 36 1.0
video_test_0001072 156.9 160.26666666666665 36 1.0
video_test_0001072 163.66666666666666 165.26666666666665 36 1.0
video_test_0001072 182.73333333333332 185.26666666666665 36 1.0
video_test_0001072 187.96666666666667 190.26666666666665 36 1.0
video_test_0001072 190.4 195.26666666666665 36 1.0
video_test_0001072 195.26666666666668 200.26666666666665 36 1.0
video_test_0001072 245.2 249.7 36 1.0
video_test_0001072 250.2 254.7 36 1.0
video_test_0001072 255.66666666666666 256.26666666666665 36 1.0
video_test_0001075 6.5065 9.7097 12 1.0
video_test_0001075 9.843166666666667 14.7097 12 1.0
video_test_0001075 18.585233333333335 19.709699999999998 12 1.0
video_test_0001075 21.021 24.709699999999998 12 1.0
video_test_0001075 28.395033333333334 29.709699999999998 12 1.0
video_test_0001075 31.865166666666667 34.7097 12 1.0
video_test_0001075 46.3463 49.7097 12 1.0
video_test_0001075 57.22383333333333 58.119733333333336 12 1.0
video_test_0001075 58.12473333333333 59.726333333333336 12 1.0
video_test_0001075 59.826433333333334 61.42803333333333 12 1.0
video_test_0001075 70.13673333333334 71.73833333333333 12 1.0
video_test_0001075 72.60586666666667 76.73833333333333 12 1.0
video_test_0001075 77.077 78.6786 12 1.0
video_test_0001075 82.24883333333334 83.85043333333333 12 1.0
video_test_0001075 84.05063333333334 85.65223333333333 12 1.0
video_test_0001075 87.55413333333334 90.65223333333333 12 1.0
video_test_0001075 94.09400000000001 95.65223333333333 12 1.0
video_test_0001075 103.97053333333334 105.65223333333333 12 1.0
video_test_0001075 108.27483333333333 109.87643333333334 12 1.0
video_test_0001075 112.97953333333334 114.87643333333334 12 1.0
video_test_0001075 119.25246666666666 120.45366666666666 12 1.0
video_test_0001075 124.19073333333334 125.45366666666666 12 1.0
video_test_0001075 126.29283333333333 127.89443333333334 12 1.0
video_test_0001075 130.76396666666668 132.89443333333332 12 1.0
video_test_0001075 134.10063333333335 137.89443333333332 12 1.0
video_test_0001075 137.90443333333334 142.89443333333332 12 1.0
video_test_0001075 143.143 147.89443333333332 12 1.0
video_test_0001075 151.151 152.7526 12 1.0
video_test_0001075 155.6555 157.7526 12 1.0
video_test_0001075 159.159 162.7526 12 1.0
video_test_0001075 165.0649 167.7526 12 1.0
video_test_0001075 169.169 172.7526 12 1.0
video_test_0001075 172.7726 177.7526 12 1.0
video_test_0001075 182.34883333333335 182.7526 12 1.0
video_test_0001075 192.192 193.7936 12 1.0
video_test_0001075 196.4963 198.7936 12 1.0
video_test_0001075 200.6004 203.7936 12 1.0
video_test_0001075 206.83996666666667 208.7936 12 1.0
video_test_0001076 8.433333333333334 9.2 22 1.0
video_test_0001076 10.833333333333334 14.2 22 1.0
video_test_0001076 14.733333333333333 19.2 22 1.0
video_test_0001076 23.7 24.2 22 1.0
video_test_0001076 24.2 29.2 22 1.0
video_test_0001076 32.6 34.2 22 1.0
video_test_0001076 34.2 39.2 22 1.0
video_test_0001076 41.63333333333333 44.2 22 1.0
video_test_0001076 49.2 54.2 22 1.0
video_test_0001076 57.9 59.2 22 1.0
video_test_0001076 63.36666666666667 64.2 22 1.0
video_test_0001078 1.2 5.566666666666666 97 1.0
video_test_0001078 6.433333333333334 8.066666666666666 97 1.0
video_test_0001078 15.1 16.066666666666666 97 1.0
video_test_0001078 18.933333333333334 19.766666666666666 97 1.0
video_test_0001078 20.666666666666668 21.933333333333334 97 1.0
video_test_0001078 21.966666666666665 26.933333333333334 97 1.0
video_test_0001078 29.6 30.7 97 1.0
video_test_0001078 31.966666666666665 33.2 97 1.0
video_test_0001078 33.3 34.6 97 1.0
video_test_0001078 39.03333333333333 39.7 97 1.0
video_test_0001078 46.93333333333333 48.03333333333333 97 1.0
video_test_0001078 48.03333333333333 49.63333333333333 97 1.0
video_test_0001078 55.56666666666667 56.766666666666666 97 1.0
video_test_0001078 60.43333333333333 61.766666666666666 97 1.0
video_test_0001078 62.43333333333333 62.53333333333333 97 1.0
video_test_0001078 62.56666666666667 62.666666666666664 97 1.0
video_test_0001078 63.63333333333333 64.2 97 1.0
video_test_0001078 77.03333333333333 78.63333333333334 97 1.0
video_test_0001078 80.6 80.7 97 1.0
video_test_0001078 81.96666666666667 83.23333333333333 97 1.0
video_test_0001079 89.03333333333333 90.0 51 1.0
video_test_0001079 175.0 175.0 51 1.0
video_test_0001079 338.6 340.0 51 1.0
video_test_0001079 351.8 355.0 51 1.0
video_test_0001079 362.03333333333336 365.0 51 1.0
video_test_0001079 365.4 370.0 51 1.0
video_test_0001079 374.03333333333336 375.0 51 1.0
video_test_0001079 385.8 390.0 51 1.0
video_test_0001079 396.06666666666666 395.0 51 1.0
video_test_0001079 398.06666666666666 400.0 51 1.0
video_test_0001079 437.03333333333336 440.0 51 1.0
video_test_0001079 464.93333333333334 465.0 51 1.0
video_test_0001079 471.2 470.0 51 1.0
video_test_0001079 472.6666666666667 475.0 51 1.0
video_test_0001079 475.1666666666667 480.0 51 1.0
video_test_0001079 480.1 485.0 51 1.0
video_test_0001080 5.6 5.0 93 1.0
video_test_0001080 9.366666666666667 11.166666666666666 93 1.0
video_test_0001080 15.633333333333333 16.166666666666664 93 1.0
video_test_0001080 21.766666666666666 26.166666666666664 93 1.0
video_test_0001081 15.733333333333333 15.0 26 1.0
video_test_0001081 16.766666666666666 20.0 26 1.0
video_test_0001081 20.0 21.6 26 1.0
video_test_0001081 48.833333333333336 51.6 26 1.0
video_test_0001081 53.7 56.6 26 1.0
video_test_0001081 56.6 61.6 26 1.0
video_test_0001081 84.23333333333333 86.6 26 1.0
video_test_0001081 94.9 96.6 26 1.0
video_test_0001081 100.56666666666666 101.6 26 1.0
video_test_0001081 107.03333333333333 111.6 26 1.0
video_test_0001098 4.0 5.0 40 1.0
video_test_0001098 8.966666666666667 10.0 40 1.0
video_test_0001098 12.166666666666666 15.0 40 1.0
video_test_0001098 15.0 20.0 40 1.0
video_test_0001098 22.266666666666666 25.0 40 1.0
video_test_0001098 28.833333333333332 30.0 40 1.0
video_test_0001098 38.8 40.0 40 1.0
video_test_0001098 52.6 55.0 40 1.0
video_test_0001098 59.46666666666667 60.0 40 1.0
video_test_0001098 64.2 65.0 40 1.0
video_test_0001098 65.03333333333333 70.0 40 1.0
video_test_0001098 78.93333333333334 80.0 40 1.0
video_test_0001098 81.53333333333333 85.0 40 1.0
video_test_0001098 85.0 90.0 40 1.0
video_test_0001098 91.83333333333333 95.0 40 1.0
video_test_0001098 95.7 100.0 40 1.0
video_test_0001098 100.56666666666666 105.0 40 1.0
video_test_0001098 115.23333333333333 115.0 40 1.0
video_test_0001098 115.76666666666667 120.0 40 1.0
video_test_0001098 122.36666666666666 125.0 40 1.0
video_test_0001098 135.0 140.0 40 1.0
video_test_0001098 147.43333333333334 150.0 40 1.0
video_test_0001098 156.83333333333334 160.0 40 1.0
video_test_0001098 163.6 165.0 40 1.0
video_test_0001114 4.266666666666667 8.033333333333333 79 1.0
video_test_0001114 8.466666666666667 13.033333333333333 79 1.0
video_test_0001114 14.8 18.03333333333333 79 1.0
video_test_0001114 20.4 23.03333333333333 79 1.0
video_test_0001114 25.3 28.03333333333333 79 1.0
video_test_0001114 31.366666666666667 33.03333333333333 79 1.0
video_test_0001118 16.833333333333332 18.0 85 1.0
video_test_0001118 38.0 39.6 85 1.0
video_test_0001118 39.6 40.7 85 1.0
video_test_0001118 47.5 50.7 85 1.0
video_test_0001123 0.0 5.0 68 1.0
video_test_0001123 6.766666666666667 10.0 68 1.0
video_test_0001123 11.433333333333334 15.0 68 1.0
video_test_0001123 20.233333333333334 20.0 68 1.0
video_test_0001123 20.333333333333332 25.0 68 1.0
video_test_0001123 28.433333333333334 30.0 68 1.0
video_test_0001123 30.133333333333333 35.0 68 1.0
video_test_0001123 38.46666666666667 40.0 68 1.0
video_test_0001123 40.0 45.0 68 1.0
video_test_0001123 45.2 50.0 68 1.0
video_test_0001123 51.53333333333333 55.0 68 1.0
video_test_0001123 62.86666666666667 65.0 68 1.0
video_test_0001123 67.66666666666667 70.0 68 1.0
video_test_0001123 73.93333333333334 75.0 68 1.0
video_test_0001123 75.1 80.0 68 1.0
video_test_0001123 85.13333333333334 90.0 68 1.0
video_test_0001123 90.93333333333334 95.0 68 1.0
video_test_0001123 96.1 100.0 68 1.0
video_test_0001123 100.0 105.0 68 1.0
video_test_0001123 109.83333333333333 110.0 68 1.0
video_test_0001123 110.23333333333333 115.0 68 1.0
video_test_0001123 115.23333333333333 120.0 68 1.0
video_test_0001123 120.0 125.0 68 1.0
video_test_0001123 125.0 130.0 68 1.0
video_test_0001123 134.2 135.0 68 1.0
video_test_0001123 135.0 140.0 68 1.0
video_test_0001123 144.36666666666667 145.0 68 1.0
video_test_0001123 145.46666666666667 150.0 68 1.0
video_test_0001123 154.0 155.0 68 1.0
video_test_0001123 155.0 160.0 68 1.0
video_test_0001123 162.06666666666666 165.0 68 1.0
video_test_0001123 171.7 175.0 68 1.0
video_test_0001123 175.0 180.0 68 1.0
video_test_0001123 185.56666666666666 185.0 68 1.0
video_test_0001123 185.53333333333333 190.0 68 1.0
video_test_0001123 192.83333333333334 195.0 68 1.0
video_test_0001123 199.23333333333332 200.0 68 1.0
video_test_0001123 200.0 205.0 68 1.0
video_test_0001123 205.0 210.0 68 1.0
video_test_0001123 212.66666666666666 215.0 68 1.0
video_test_0001123 220.0 225.0 68 1.0
video_test_0001123 230.73333333333332 235.0 68 1.0
video_test_0001123 238.5 240.0 68 1.0
video_test_0001123 240.0 245.0 68 1.0
video_test_0001123 250.03333333333333 255.0 68 1.0
video_test_0001129 15.266666666666667 20.0 79 1.0
video_test_0001129 20.4 25.0 79 1.0
video_test_0001129 27.7 30.0 79 1.0
video_test_0001129 34.43333333333333 35.0 79 1.0
video_test_0001129 36.5 40.0 79 1.0
video_test_0001129 43.233333333333334 45.0 79 1.0
video_test_0001129 45.2 50.0 79 1.0
video_test_0001129 52.733333333333334 55.0 79 1.0
video_test_0001129 55.96666666666667 60.0 79 1.0
video_test_0001129 62.4 65.0 79 1.0
video_test_0001134 3.7 5.0 22 1.0
video_test_0001134 8.566666666666666 10.0 22 1.0
video_test_0001134 10.0 15.0 22 1.0
video_test_0001134 15.333333333333334 20.0 22 1.0
video_test_0001134 20.0 25.0 22 1.0
video_test_0001134 30.933333333333334 35.0 22 1.0
video_test_0001134 35.0 40.0 22 1.0
video_test_0001134 41.233333333333334 45.0 22 1.0
video_test_0001134 45.0 50.0 22 1.0
video_test_0001134 50.0 55.0 22 1.0
video_test_0001134 55.3 60.0 22 1.0
video_test_0001134 60.1 65.0 22 1.0
video_test_0001134 66.33333333333333 70.0 22 1.0
video_test_0001134 70.0 75.0 22 1.0
video_test_0001134 79.46666666666667 80.0 22 1.0
video_test_0001134 80.0 85.0 22 1.0
video_test_0001134 95.53333333333333 95.0 22 1.0
video_test_0001134 95.46666666666667 100.0 22 1.0
video_test_0001134 101.06666666666666 105.0 22 1.0
video_test_0001134 126.66666666666667 130.0 22 1.0
video_test_0001134 130.0 135.0 22 1.0
video_test_0001134 135.0 140.0 22 1.0
video_test_0001134 140.0 145.0 22 1.0
video_test_0001134 145.0 150.0 22 1.0
video_test_0001134 158.3 160.0 22 1.0
video_test_0001134 160.66666666666666 165.0 22 1.0
video_test_0001135 14.6 17.266666666666666 31 1.0
video_test_0001135 21.2 21.833333333333332 31 1.0
video_test_0001135 23.866666666666667 26.833333333333332 31 1.0
video_test_0001135 31.766666666666666 33.1 31 1.0
video_test_0001135 36.06666666666667 38.1 31 1.0
video_test_0001146 15.866666666666667 20.0 12 1.0
video_test_0001146 25.666666666666668 30.0 12 1.0
video_test_0001146 32.43333333333333 35.0 12 1.0
video_test_0001146 39.56666666666667 41.166666666666664 12 1.0
video_test_0001146 41.266666666666666 42.86666666666667 12 1.0
video_test_0001146 43.36666666666667 47.86666666666667 12 1.0
video_test_0001146 50.63333333333333 52.233333333333334 12 1.0
video_test_0001146 54.733333333333334 57.233333333333334 12 1.0
video_test_0001146 60.56666666666667 62.233333333333334 12 1.0
video_test_0001146 65.46666666666667 67.23333333333333 12 1.0
video_test_0001146 69.76666666666667 71.36666666666666 12 1.0
video_test_0001146 75.96666666666667 76.36666666666666 12 1.0
video_test_0001146 81.66666666666667 86.53333333333333 12 1.0
video_test_0001146 91.43333333333334 93.03333333333333 12 1.0
video_test_0001146 100.9 103.03333333333333 12 1.0
video_test_0001146 105.63333333333334 108.03333333333333 12 1.0
video_test_0001146 110.03333333333333 111.03333333333333 12 1.0
video_test_0001146 113.56666666666666 116.03333333333333 12 1.0
video_test_0001146 118.96666666666667 119.56666666666666 12 1.0
video_test_0001146 123.73333333333333 124.56666666666666 12 1.0
video_test_0001146 125.16666666666667 126.76666666666667 12 1.0
video_test_0001146 130.06666666666666 131.76666666666665 12 1.0
video_test_0001146 131.8 136.76666666666665 12 1.0
video_test_0001146 139.16666666666666 141.76666666666665 12 1.0
video_test_0001146 145.53333333333333 149.8 12 1.0
video_test_0001146 150.3 154.8 12 1.0
video_test_0001146 162.46666666666667 164.8 12 1.0
video_test_0001146 165.3 166.4 12 1.0
video_test_0001146 167.23333333333332 171.4 12 1.0
video_test_0001146 172.26666666666668 173.83333333333334 12 1.0
video_test_0001146 174.33333333333334 178.83333333333334 12 1.0
video_test_0001146 180.36666666666667 183.83333333333334 12 1.0
video_test_0001146 188.03333333333333 189.63333333333333 12 1.0
video_test_0001146 192.66666666666666 194.26666666666668 12 1.0
video_test_0001146 194.9 195.9 12 1.0
video_test_0001146 198.26666666666668 200.9 12 1.0
video_test_0001146 202.73333333333332 203.73333333333332 12 1.0
video_test_0001146 204.23333333333332 208.73333333333332 12 1.0
video_test_0001146 210.23333333333332 213.73333333333332 12 1.0
video_test_0001153 13.566666666666666 14.166666666666666 85 1.0
video_test_0001153 14.266666666666667 14.866666666666667 85 1.0
video_test_0001153 14.866666666666667 15.466666666666667 85 1.0
video_test_0001153 15.5 20.46666666666667 85 1.0
video_test_0001153 20.46666666666667 21.633333333333333 85 1.0
video_test_0001153 21.633333333333333 26.633333333333333 85 1.0
video_test_0001153 26.633333333333333 28.233333333333334 85 1.0
video_test_0001153 28.233333333333334 29.5 85 1.0
video_test_0001153 54.96666666666667 56.666666666666664 85 1.0
video_test_0001153 56.666666666666664 58.266666666666666 85 1.0
video_test_0001153 63.666666666666664 63.266666666666666 85 1.0
video_test_0001153 66.33333333333333 68.26666666666667 85 1.0
video_test_0001153 96.8 98.06666666666666 85 1.0
video_test_0001153 98.1 99.2 85 1.0
video_test_0001153 101.8 103.2 85 1.0
video_test_0001153 103.4 105.0 85 1.0
video_test_0001159 3.7666666666666666 8.366666666666667 45 1.0
video_test_0001159 11.4 13.366666666666667 45 1.0
video_test_0001159 15.7 18.366666666666667 45 1.0
video_test_0001159 36.0 38.36666666666667 45 1.0
video_test_0001159 38.36666666666667 43.36666666666667 45 1.0
video_test_0001159 66.4 68.36666666666667 45 1.0
video_test_0001159 71.96666666666667 73.36666666666667 45 1.0
video_test_0001159 92.16666666666667 96.43333333333334 45 1.0
video_test_0001159 104.93333333333334 106.43333333333334 45 1.0
video_test_0001159 112.63333333333334 116.43333333333334 45 1.0
video_test_0001159 116.43333333333334 121.43333333333334 45 1.0
video_test_0001159 165.3 165.76666666666668 45 1.0
video_test_0001159 174.4 175.76666666666668 45 1.0
video_test_0001159 181.4 185.76666666666668 45 1.0
video_test_0001159 186.63333333333333 190.76666666666668 45 1.0
video_test_0001159 193.03333333333333 195.76666666666668 45 1.0
video_test_0001159 214.4 215.76666666666668 45 1.0
video_test_0001159 220.9 225.76666666666668 45 1.0
video_test_0001159 234.83333333333334 235.76666666666668 45 1.0
video_test_0001159 299.06666666666666 302.23333333333335 45 1.0
video_test_0001159 309.2 312.23333333333335 45 1.0
video_test_0001159 314.53333333333336 317.23333333333335 45 1.0
video_test_0001159 320.7 322.23333333333335 45 1.0
video_test_0001159 323.3333333333333 327.23333333333335 45 1.0
video_test_0001159 346.96666666666664 347.23333333333335 45 1.0
video_test_0001159 348.06666666666666 352.23333333333335 45 1.0
video_test_0001159 355.3666666666667 357.23333333333335 45 1.0
video_test_0001159 367.53333333333336 367.23333333333335 45 1.0
video_test_0001159 371.3666666666667 371.4 45 1.0
video_test_0001159 373.73333333333335 376.4 45 1.0
video_test_0001159 379.3333333333333 381.4 45 1.0
video_test_0001159 384.1 386.4 45 1.0
video_test_0001159 391.6333333333333 391.4 45 1.0
video_test_0001159 392.8 396.4 45 1.0
video_test_0001159 397.0 401.4 45 1.0
video_test_0001159 416.43333333333334 416.4 45 1.0
video_test_0001159 418.3 421.4 45 1.0
video_test_0001159 423.06666666666666 426.4 45 1.0
video_test_0001159 463.5 466.4 45 1.0
video_test_0001159 466.8333333333333 471.4 45 1.0
video_test_0001159 474.73333333333335 476.3333333333333 45 1.0
video_test_0001159 478.9 481.3333333333333 45 1.0
video_test_0001159 498.2 499.8 45 1.0
video_test_0001159 551.5333333333333 553.1333333333333 45 1.0
video_test_0001162 45.63333333333333 50.0 68 1.0
video_test_0001162 50.1 55.0 68 1.0
video_test_0001162 55.1 60.0 68 1.0
video_test_0001162 60.0 65.0 68 1.0
video_test_0001162 66.26666666666667 70.0 68 1.0
video_test_0001162 70.13333333333334 75.0 68 1.0
video_test_0001162 75.0 80.0 68 1.0
video_test_0001162 80.66666666666667 85.0 68 1.0
video_test_0001162 95.16666666666667 100.0 68 1.0
video_test_0001162 100.0 105.0 68 1.0
video_test_0001163 1.9666666666666666 7.266666666666667 33 1.0
video_test_0001163 16.433333333333334 16.53333333333333 33 1.0
video_test_0001163 23.1 26.53333333333333 33 1.0
video_test_0001163 33.766666666666666 36.53333333333333 33 1.0
video_test_0001163 37.1 41.53333333333333 33 1.0
video_test_0001163 45.03333333333333 46.53333333333333 33 1.0
video_test_0001163 48.43333333333333 51.53333333333333 33 1.0
video_test_0001163 51.53333333333333 56.53333333333333 33 1.0
video_test_0001163 57.9 61.53333333333333 33 1.0
video_test_0001163 61.53333333333333 66.53333333333333 33 1.0
video_test_0001163 74.4 76.53333333333333 33 1.0
video_test_0001163 78.63333333333334 81.53333333333333 33 1.0
video_test_0001163 86.53333333333333 91.53333333333333 33 1.0
video_test_0001164 8.341666666666667 10.0 36 1.0
video_test_0001164 12.7127 15.0 36 1.0
video_test_0001164 16.316300000000002 20.0 36 1.0
video_test_0001164 22.856166666666667 25.0 36 1.0
video_test_0001164 25.658966666666668 30.0 36 1.0
video_test_0001164 30.497133333333334 35.0 36 1.0
video_test_0001164 35.1351 40.0 36 1.0
video_test_0001164 42.842800000000004 45.0 36 1.0
video_test_0001164 48.114733333333334 50.0 36 1.0
video_test_0001164 50.1501 55.0 36 1.0
video_test_0001164 55.021633333333334 60.0 36 1.0
video_test_0001164 60.69396666666667 65.0 36 1.0
video_test_0001164 68.5685 70.0 36 1.0
video_test_0001164 70.0 75.0 36 1.0
video_test_0001164 75.0 80.0 36 1.0
video_test_0001164 80.41366666666667 85.0 36 1.0
video_test_0001164 85.41866666666667 90.0 36 1.0
video_test_0001164 90.12336666666667 95.0 36 1.0
video_test_0001164 95.16173333333333 100.0 36 1.0
video_test_0001164 101.06763333333333 105.0 36 1.0
video_test_0001164 105.37193333333333 110.0 36 1.0
video_test_0001164 111.17773333333334 115.0 36 1.0
video_test_0001164 118.2181 120.0 36 1.0
video_test_0001164 120.08663333333334 125.0 36 1.0
video_test_0001164 125.09163333333333 130.0 36 1.0
video_test_0001164 130.0 135.0 36 1.0
video_test_0001164 135.20173333333332 140.0 36 1.0
video_test_0001164 142.9428 145.0 36 1.0
video_test_0001164 149.08226666666667 150.0 36 1.0
video_test_0001164 153.5534 155.0 36 1.0
video_test_0001164 155.6555 160.0 36 1.0
video_test_0001164 164.16400000000002 165.0 36 1.0
video_test_0001164 165.13163333333333 170.0 36 1.0
video_test_0001164 172.13863333333333 175.0 36 1.0
video_test_0001164 175.14163333333335 180.0 36 1.0
video_test_0001164 183.81696666666667 185.0 36 1.0
video_test_0001164 185.15163333333334 190.0 36 1.0
video_test_0001164 193.82696666666666 195.0 36 1.0
video_test_0001164 195.195 200.0 36 1.0
video_test_0001164 200.5003 205.0 36 1.0
video_test_0001164 205.0 210.0 36 1.0
video_test_0001164 210.1099 215.0 36 1.0
video_test_0001164 216.08253333333334 220.0 36 1.0
video_test_0001164 220.15326666666667 225.0 36 1.0
video_test_0001164 227.3271 230.0 36 1.0
video_test_0001164 230.1299 235.0 36 1.0
video_test_0001164 235.0 240.0 36 1.0
video_test_0001164 240.10653333333335 245.0 36 1.0
video_test_0001164 248.6484 250.0 36 1.0
video_test_0001164 250.71713333333335 255.0 36 1.0
video_test_0001164 255.08816666666667 260.0 36 1.0
video_test_0001164 262.4622 265.0 36 1.0
video_test_0001164 265.0314333333333 270.0 36 1.0
video_test_0001164 271.83823333333333 275.0 36 1.0
video_test_0001164 275.6086666666667 277.21026666666666 36 1.0
video_test_0001164 279.7461333333333 282.21026666666666 36 1.0
video_test_0001164 283.283 287.21026666666666 36 1.0
video_test_0001164 288.0878 292.21026666666666 36 1.0
video_test_0001164 294.76113333333336 297.21026666666666 36 1.0
video_test_0001164 298.16453333333334 302.21026666666666 36 1.0
video_test_0001164 311.37773333333337 312.21026666666666 36 1.0
video_test_0001164 314.38073333333335 317.21026666666666 36 1.0
video_test_0001164 317.21026666666666 318.78513333333336 36 1.0
video_test_0001164 325.6920333333333 328.78513333333336 36 1.0
video_test_0001164 329.5292 333.78513333333336 36 1.0
video_test_0001164 345.14480000000003 348.78513333333336 36 1.0
video_test_0001164 348.78513333333336 353.78513333333336 36 1.0
video_test_0001164 356.4561 358.78513333333336 36 1.0
video_test_0001164 359.1588 359.7594 36 1.0
video_test_0001164 359.8928666666667 364.7594 36 1.0
video_test_0001164 364.7594 369.7594 36 1.0
video_test_0001164 372.5054666666667 374.7594 36 1.0
video_test_0001164 393.0593333333333 394.7594 36 1.0
video_test_0001164 396.4293666666667 399.7594 36 1.0
video_test_0001164 399.8661333333333 401.46773333333334 36 1.0
video_test_0001164 418.1510666666667 418.84676666666667 36 1.0
video_test_0001164 419.05196666666666 423.84676666666667 36 1.0
video_test_0001164 423.84676666666667 428.84676666666667 36 1.0
video_test_0001164 428.9952333333333 433.84676666666667 36 1.0
video_test_0001164 446.14570000000003 448.84676666666667 36 1.0
video_test_0001164 449.449 453.84676666666667 36 1.0
video_test_0001164 461.7613 463.84676666666667 36 1.0
video_test_0001164 464.49736666666666 468.84676666666667 36 1.0
video_test_0001164 485.55173333333335 488.84676666666667 36 1.0
video_test_0001164 489.9895 493.84676666666667 36 1.0
video_test_0001164 502.3351666666667 503.84676666666667 36 1.0
video_test_0001164 506.30580000000003 508.84676666666667 36 1.0
video_test_0001164 508.87503333333336 513.8467666666667 36 1.0
video_test_0001164 515.9821333333333 518.8467666666667 36 1.0
video_test_0001164 519.6524666666667 523.8467666666667 36 1.0
video_test_0001164 529.2954333333333 533.8467666666667 36 1.0
video_test_0001164 533.8666666666667 538.8467666666667 36 1.0
video_test_0001164 542.542 543.8467666666667 36 1.0
video_test_0001164 545.0778666666666 548.8467666666667 36 1.0
video_test_0001164 552.1182333333334 553.7198333333333 36 1.0
video_test_0001164 568.1676 570.1646000000001 36 1.0
video_test_0001164 586.0187666666667 590.1646000000001 36 1.0
video_test_0001164 592.3250666666667 595.1646000000001 36 1.0
video_test_0001164 597.7304666666666 599.3320666666667 36 1.0
video_test_0001164 599.5656333333334 604.3320666666667 36 1.0
video_test_0001164 632.0647666666666 634.3320666666667 36 1.0
video_test_0001164 639.1051333333334 640.7067333333333 36 1.0
video_test_0001164 651.4508 655.7067333333333 36 1.0
video_test_0001164 656.0887666666666 660.7067333333333 36 1.0
video_test_0001164 666.4324333333334 670.7067333333333 36 1.0
video_test_0001164 674.5739 676.1755 36 1.0
video_test_0001164 676.4090666666667 681.1755 36 1.0
video_test_0001164 705.1377666666667 706.1755 36 1.0
video_test_0001164 708.708 711.1755 36 1.0
video_test_0001164 712.4450666666667 716.1755 36 1.0
video_test_0001164 720.2528666666667 721.1755 36 1.0
video_test_0001164 727.6936333333333 731.1755 36 1.0
video_test_0001164 733.2992333333333 736.1755 36 1.0
video_test_0001164 739.7056333333334 741.1755 36 1.0
video_test_0001164 741.1755 746.1755 36 1.0
video_test_0001164 749.2818666666667 749.8824666666667 36 1.0
video_test_0001164 751.7176333333333 754.8824666666667 36 1.0
video_test_0001164 754.8824666666667 759.8824666666667 36 1.0
video_test_0001164 783.1156666666667 784.8824666666667 36 1.0
video_test_0001164 142.60913333333335 145.0 21 1.0
video_test_0001164 803.9364666666667 807.6602666666666 21 1.0
video_test_0001168 35.13333333333333 40.0 92 1.0
video_test_0001168 59.1 63.666666666666664 92 1.0
video_test_0001168 67.1 68.66666666666666 92 1.0
video_test_0001168 69.83333333333333 70.93333333333334 92 1.0
video_test_0001168 75.66666666666667 75.93333333333334 92 1.0
video_test_0001168 79.46666666666667 80.93333333333334 92 1.0
video_test_0001168 81.03333333333333 81.63333333333334 92 1.0
video_test_0001168 82.8 84.03333333333333 92 1.0
video_test_0001168 84.43333333333334 85.83333333333333 92 1.0
video_test_0001168 86.8 88.4 92 1.0
video_test_0001168 92.63333333333334 93.66666666666667 92 1.0
video_test_0001168 94.13333333333334 98.66666666666667 92 1.0
video_test_0001168 102.86666666666666 106.93333333333334 92 1.0
video_test_0001174 3.033333333333333 3.933333333333333 93 1.0
video_test_0001174 5.4 5.733333333333333 93 1.0
video_test_0001174 10.933333333333334 12.533333333333333 93 1.0
video_test_0001174 14.233333333333333 15.833333333333334 93 1.0
video_test_0001174 20.633333333333333 23.033333333333335 93 1.0
video_test_0001174 28.3 29.9 93 1.0
video_test_0001174 39.166666666666664 40.766666666666666 93 1.0
video_test_0001174 54.8 55.4 93 1.0
video_test_0001174 56.2 60.4 93 1.0
video_test_0001174 70.6 72.2 93 1.0
video_test_0001174 75.73333333333333 77.33333333333333 93 1.0
video_test_0001174 99.1 100.26666666666667 93 1.0
video_test_0001174 104.26666666666667 105.26666666666667 93 1.0
video_test_0001174 115.0 116.6 93 1.0
video_test_0001174 119.76666666666667 121.6 93 1.0
video_test_0001174 123.83333333333333 126.6 93 1.0
video_test_0001174 130.6 131.6 93 1.0
video_test_0001174 134.73333333333332 136.3 93 1.0
video_test_0001174 140.83333333333334 141.93333333333334 93 1.0
video_test_0001174 146.1 147.7 93 1.0
video_test_0001174 157.23333333333332 158.3 93 1.0
video_test_0001174 161.76666666666668 163.3 93 1.0
video_test_0001174 167.23333333333332 168.83333333333334 93 1.0
video_test_0001174 169.93333333333334 170.53333333333333 93 1.0
video_test_0001174 177.4 179.03333333333333 93 1.0
video_test_0001174 183.73333333333332 184.03333333333333 93 1.0
video_test_0001174 188.26666666666668 189.23333333333332 93 1.0
video_test_0001174 193.93333333333334 195.53333333333333 93 1.0
video_test_0001174 197.06666666666666 198.66666666666666 93 1.0
video_test_0001174 201.73333333333332 203.33333333333334 93 1.0
video_test_0001174 207.1 208.7 93 1.0
video_test_0001174 210.4 211.0 93 1.0
video_test_0001174 223.4 225.0 93 1.0
video_test_0001182 0.16666666666666666 6.566666666666666 7 1.0
video_test_0001182 77.76666666666667 79.36666666666666 7 1.0
video_test_0001182 81.56666666666666 83.16666666666667 7 1.0
video_test_0001182 90.26666666666667 91.86666666666666 7 1.0
video_test_0001182 92.23333333333333 93.83333333333333 7 1.0
video_test_0001194 7.2 8.333333333333334 23 1.0
video_test_0001194 12.166666666666666 13.333333333333334 23 1.0
video_test_0001194 16.533333333333335 18.333333333333336 23 1.0
video_test_0001194 23.066666666666666 23.166666666666668 23 1.0
video_test_0001194 23.933333333333334 25.366666666666667 23 1.0
video_test_0001194 27.133333333333333 30.366666666666667 23 1.0
video_test_0001194 33.46666666666667 34.0 23 1.0
video_test_0001194 36.03333333333333 37.53333333333333 23 1.0
video_test_0001194 38.6 39.36666666666667 23 1.0
video_test_0001194 40.36666666666667 44.36666666666667 23 1.0
video_test_0001194 47.5 49.1 23 1.0
video_test_0001194 52.13333333333333 52.53333333333333 23 1.0
video_test_0001194 60.233333333333334 60.333333333333336 23 1.0
video_test_0001194 63.766666666666666 64.23333333333333 23 1.0
video_test_0001194 17.033333333333335 18.133333333333333 24 1.0
video_test_0001194 23.833333333333332 25.066666666666666 24 1.0
video_test_0001194 35.13333333333333 36.733333333333334 24 1.0
video_test_0001194 38.666666666666664 39.36666666666667 24 1.0
video_test_0001194 40.266666666666666 44.36666666666667 24 1.0
video_test_0001194 82.66666666666667 83.3 24 1.0
video_test_0001194 86.8 88.3 24 1.0
video_test_0001194 88.3 89.43333333333334 24 1.0
video_test_0001194 91.76666666666667 94.43333333333334 24 1.0
video_test_0001194 98.1 99.43333333333334 24 1.0
video_test_0001194 101.0 101.66666666666667 24 1.0
video_test_0001194 101.66666666666667 102.93333333333334 24 1.0
video_test_0001194 105.43333333333334 107.93333333333334 24 1.0
video_test_0001194 108.1 112.93333333333334 24 1.0
video_test_0001194 115.3 116.46666666666667 24 1.0
video_test_0001195 0.28 5.24 45 1.0
video_test_0001195 7.8 10.24 45 1.0
video_test_0001195 10.4 15.24 45 1.0
video_test_0001195 20.36 20.240000000000002 45 1.0
video_test_0001195 20.96 22.0 45 1.0
video_test_0001195 23.12 27.0 45 1.0
video_test_0001195 33.56 37.0 45 1.0
video_test_0001195 37.64 42.0 45 1.0
video_test_0001195 62.8 64.08 45 1.0
video_test_0001195 85.76 89.08 45 1.0
video_test_0001195 103.0 104.08 45 1.0
video_test_0001195 108.08 109.08 45 1.0
video_test_0001195 110.08 114.08 45 1.0
video_test_0001195 123.16 124.6 45 1.0
video_test_0001195 128.8 129.6 45 1.0
video_test_0001195 130.92 132.32 45 1.0
video_test_0001195 140.28 142.32 45 1.0
video_test_0001195 143.6 147.32 45 1.0
video_test_0001195 155.68 157.32 45 1.0
video_test_0001195 159.72 160.76 45 1.0
video_test_0001195 160.8 165.76 45 1.0
video_test_0001195 171.0 170.76 45 1.0
video_test_0001195 172.36 175.76 45 1.0
video_test_0001195 192.36 193.8 45 1.0
video_test_0001195 197.52 198.8 45 1.0
video_test_0001195 202.76 203.8 45 1.0
video_test_0001195 207.28 208.8 45 1.0
video_test_0001195 217.08 218.8 45 1.0
video_test_0001195 219.44 223.8 45 1.0
video_test_0001195 261.36 262.15999999999997 45 1.0
video_test_0001195 264.76 267.15999999999997 45 1.0
video_test_0001195 270.96 272.15999999999997 45 1.0
video_test_0001195 284.4 287.15999999999997 45 1.0
video_test_0001195 287.32 292.15999999999997 45 1.0
video_test_0001195 315.72 316.44 45 1.0
video_test_0001195 318.84 321.44 45 1.0
video_test_0001195 324.2 326.44 45 1.0
video_test_0001195 326.8 331.44 45 1.0
video_test_0001195 332.76 336.44 45 1.0
video_test_0001195 338.88 341.44 45 1.0
video_test_0001195 343.36 346.44 45 1.0
video_test_0001195 354.16 356.44 45 1.0
video_test_0001195 356.44 361.44 45 1.0
video_test_0001195 361.6 362.4 45 1.0
video_test_0001195 365.56 367.4 45 1.0
video_test_0001195 387.28 387.4 45 1.0
video_test_0001195 391.64 392.4 45 1.0
video_test_0001195 395.92 397.4 45 1.0
video_test_0001195 397.4 398.0 45 1.0
video_test_0001195 410.68 413.0 45 1.0
video_test_0001195 414.4 418.0 45 1.0
video_test_0001195 430.28 430.64 45 1.0
video_test_0001195 432.16 435.64 45 1.0
video_test_0001195 438.0 440.64 45 1.0
video_test_0001195 445.84 445.64 45 1.0
video_test_0001195 450.2 450.64 45 1.0
video_test_0001195 451.36 452.4 45 1.0
video_test_0001195 467.16 467.2 45 1.0
video_test_0001195 472.48 477.2 45 1.0
video_test_0001195 517.2 517.2 45 1.0
video_test_0001195 521.0 522.2 45 1.0
video_test_0001195 522.52 527.2 45 1.0
video_test_0001195 539.24 542.2 45 1.0
video_test_0001195 543.44 547.2 45 1.0
video_test_0001195 549.64 552.2 45 1.0
video_test_0001195 576.92 577.2 45 1.0
video_test_0001195 580.24 581.68 45 1.0
video_test_0001195 584.32 586.68 45 1.0
video_test_0001195 588.92 591.68 45 1.0
video_test_0001195 603.0 606.68 45 1.0
video_test_0001195 609.04 611.68 45 1.0
video_test_0001195 613.76 616.68 45 1.0
video_test_0001195 622.32 621.68 45 1.0
video_test_0001195 625.6 626.68 45 1.0
video_test_0001195 627.88 631.68 45 1.0
video_test_0001195 643.32 644.16 45 1.0
video_test_0001195 644.6 649.16 45 1.0
video_test_0001195 650.92 654.16 45 1.0
video_test_0001195 674.0 673.68 45 1.0
video_test_0001195 678.28 678.68 45 1.0
video_test_0001195 682.92 683.68 45 1.0
video_test_0001195 685.4 688.68 45 1.0
video_test_0001195 696.96 698.68 45 1.0
video_test_0001195 700.76 703.68 45 1.0
video_test_0001195 703.8 703.84 45 1.0
video_test_0001195 726.0 728.84 45 1.0
video_test_0001195 731.0 733.84 45 1.0
video_test_0001195 734.48 735.92 45 1.0
video_test_0001195 736.32 740.92 45 1.0
video_test_0001195 759.28 760.92 45 1.0
video_test_0001195 763.4 765.92 45 1.0
video_test_0001195 768.28 770.92 45 1.0
video_test_0001195 774.88 775.92 45 1.0
video_test_0001195 779.64 780.92 45 1.0
video_test_0001195 782.68 785.92 45 1.0
video_test_0001195 787.36 790.92 45 1.0
video_test_0001195 802.64 805.92 45 1.0
video_test_0001195 809.56 810.92 45 1.0
video_test_0001195 816.08 815.92 45 1.0
video_test_0001195 833.72 836.6 45 1.0
video_test_0001195 849.96 851.6 45 1.0
video_test_0001195 863.48 866.6 45 1.0
video_test_0001195 870.36 871.6 45 1.0
video_test_0001195 871.84 872.48 45 1.0
video_test_0001195 882.48 882.48 45 1.0
video_test_0001195 885.08 887.48 45 1.0
video_test_0001195 887.84 892.48 45 1.0
video_test_0001201 7.9 10.0 68 1.0
video_test_0001201 10.0 15.0 68 1.0
video_test_0001201 24.7 25.0 68 1.0
video_test_0001201 122.4 125.0 68 1.0
video_test_0001201 167.13333333333333 170.0 68 1.0
video_test_0001201 182.36666666666667 185.0 68 1.0
video_test_0001201 186.33333333333334 190.0 68 1.0
video_test_0001201 191.2 195.0 68 1.0
video_test_0001201 210.33333333333334 215.0 68 1.0
video_test_0001201 217.96666666666667 220.0 68 1.0
video_test_0001201 224.16666666666666 225.0 68 1.0
video_test_0001201 225.06666666666666 230.0 68 1.0
video_test_0001201 252.46666666666667 255.0 68 1.0
video_test_0001201 276.53333333333336 280.0 68 1.0
video_test_0001201 306.23333333333335 310.0 68 1.0
video_test_0001201 313.8666666666667 315.0 68 1.0
video_test_0001201 329.56666666666666 330.0 68 1.0
video_test_0001201 343.4 345.0 68 1.0
video_test_0001201 351.73333333333335 355.0 68 1.0
video_test_0001201 356.03333333333336 360.0 68 1.0
video_test_0001201 362.3666666666667 365.0 68 1.0
video_test_0001201 366.6333333333333 370.0 68 1.0
video_test_0001201 380.26666666666665 385.0 68 1.0
video_test_0001201 386.2 390.0 68 1.0
video_test_0001202 8.8 13.733333333333333 97 1.0
video_test_0001207 34.791666666666664 37.958333333333336 68 1.0
video_test_0001207 57.125 57.958333333333336 68 1.0
video_test_0001207 69.125 72.95833333333334 68 1.0
video_test_0001207 81.83333333333333 82.95833333333334 68 1.0
video_test_0001207 84.375 87.95833333333334 68 1.0
video_test_0001207 96.29166666666667 97.95833333333334 68 1.0
video_test_0001207 101.75 102.95833333333334 68 1.0
video_test_0001207 109.875 112.95833333333334 68 1.0
video_test_0001207 114.16666666666667 117.95833333333334 68 1.0
video_test_0001207 123.91666666666667 127.95833333333334 68 1.0
video_test_0001207 127.95833333333334 132.95833333333334 68 1.0
video_test_0001207 137.83333333333334 137.95833333333334 68 1.0
video_test_0001207 141.16666666666666 142.95833333333334 68 1.0
video_test_0001207 148.75 152.95833333333334 68 1.0
video_test_0001207 158.20833333333334 162.95833333333334 68 1.0
video_test_0001207 170.5 172.95833333333334 68 1.0
video_test_0001207 176.5 177.95833333333334 68 1.0
video_test_0001207 189.66666666666666 192.95833333333334 68 1.0
video_test_0001207 195.875 197.95833333333334 68 1.0
video_test_0001207 212.70833333333334 212.95833333333334 68 1.0
video_test_0001207 212.95833333333334 217.95833333333334 68 1.0
video_test_0001207 230.875 232.95833333333334 68 1.0
video_test_0001207 233.70833333333334 237.95833333333334 68 1.0
video_test_0001207 238.45833333333334 242.95833333333334 68 1.0
video_test_0001207 245.66666666666666 247.95833333333334 68 1.0
video_test_0001207 261.0416666666667 262.95833333333337 68 1.0
video_test_0001207 266.2083333333333 267.95833333333337 68 1.0
video_test_0001207 281.7916666666667 282.95833333333337 68 1.0
video_test_0001207 284.5 287.95833333333337 68 1.0
video_test_0001207 299.2916666666667 302.95833333333337 68 1.0
video_test_0001207 318.3333333333333 322.95833333333337 68 1.0
video_test_0001207 339.9583333333333 342.95833333333337 68 1.0
video_test_0001207 342.95833333333337 347.95833333333337 68 1.0
video_test_0001207 367.625 367.95833333333337 68 1.0
video_test_0001207 367.95833333333337 372.95833333333337 68 1.0
video_test_0001207 386.125 387.95833333333337 68 1.0
video_test_0001207 389.0833333333333 392.95833333333337 68 1.0
video_test_0001207 404.5833333333333 407.95833333333337 68 1.0
video_test_0001207 407.95833333333337 412.95833333333337 68 1.0
video_test_0001207 421.4166666666667 422.9166666666667 68 1.0
video_test_0001207 423.0833333333333 427.9166666666667 68 1.0
video_test_0001207 445.9583333333333 447.9166666666667 68 1.0
video_test_0001207 461.5416666666667 462.9166666666667 68 1.0
video_test_0001207 464.625 467.9166666666667 68 1.0
video_test_0001207 467.9166666666667 472.9166666666667 68 1.0
video_test_0001207 481.0416666666667 482.9166666666667 68 1.0
video_test_0001207 484.3333333333333 487.9166666666667 68 1.0
video_test_0001207 502.9166666666667 507.9166666666667 68 1.0
video_test_0001207 511.8333333333333 512.9166666666667 68 1.0
video_test_0001207 522.7916666666666 522.9166666666667 68 1.0
video_test_0001207 524.5833333333334 527.9166666666667 68 1.0
video_test_0001207 543.2916666666666 547.9166666666667 68 1.0
video_test_0001207 561.375 562.9166666666667 68 1.0
video_test_0001207 562.9166666666667 567.9166666666667 68 1.0
video_test_0001207 581.2916666666666 582.9166666666667 68 1.0
video_test_0001207 584.125 587.9166666666667 68 1.0
video_test_0001207 602.4166666666666 602.9166666666667 68 1.0
video_test_0001207 605.0416666666666 607.9166666666667 68 1.0
video_test_0001207 621.2083333333334 622.9166666666667 68 1.0
video_test_0001207 639.6666666666666 642.9166666666667 68 1.0
video_test_0001207 648.25 652.9166666666667 68 1.0
video_test_0001207 657.9166666666667 662.9166666666667 68 1.0
video_test_0001207 662.9166666666667 667.9166666666667 68 1.0
video_test_0001207 686.9166666666666 687.9166666666667 68 1.0
video_test_0001207 687.9166666666667 692.9166666666667 68 1.0
video_test_0001207 707.1666666666666 707.9166666666667 68 1.0
video_test_0001207 707.9166666666667 712.9166666666667 68 1.0
video_test_0001207 720.5416666666666 722.9166666666667 68 1.0
video_test_0001207 726.0833333333334 727.9166666666667 68 1.0
video_test_0001207 729.875 732.9166666666667 68 1.0
video_test_0001207 746.1666666666666 747.9166666666667 68 1.0
video_test_0001207 750.5416666666666 752.9166666666667 68 1.0
video_test_0001207 765.2916666666666 767.9166666666667 68 1.0
video_test_0001207 769.6666666666666 772.9166666666667 68 1.0
video_test_0001207 787.25 787.9166666666667 68 1.0
video_test_0001207 790.0 792.9166666666667 68 1.0
video_test_0001207 815.875 817.9166666666667 68 1.0
video_test_0001207 818.25 822.9166666666667 68 1.0
video_test_0001207 827.9166666666667 832.9166666666667 68 1.0
video_test_0001207 835.5 837.9166666666667 68 1.0
video_test_0001207 837.9166666666667 842.9166666666667 68 1.0
video_test_0001207 855.5 857.9166666666667 68 1.0
video_test_0001207 859.25 862.9166666666667 68 1.0
video_test_0001207 876.625 877.9166666666667 68 1.0
video_test_0001207 880.8333333333334 882.9166666666667 68 1.0
video_test_0001207 896.1666666666666 897.9166666666667 68 1.0
video_test_0001207 900.6666666666666 902.9166666666667 68 1.0
video_test_0001207 922.0833333333334 922.9166666666667 68 1.0
video_test_0001207 925.7916666666666 927.9166666666667 68 1.0
video_test_0001207 931.25 932.9166666666667 68 1.0
video_test_0001207 947.0416666666666 947.9166666666667 68 1.0
video_test_0001207 949.5416666666666 952.9166666666667 68 1.0
video_test_0001207 978.7916666666666 982.9166666666667 68 1.0
video_test_0001207 983.625 987.9166666666667 68 1.0
video_test_0001207 1002.9166666666667 1007.9166666666667 68 1.0
video_test_0001207 1010.4166666666666 1012.9166666666667 68 1.0
video_test_0001207 1038.4166666666667 1042.9166666666667 68 1.0
video_test_0001207 1055.9583333333333 1057.9166666666667 68 1.0
video_test_0001209 37.2 40.0 45 1.0
video_test_0001209 40.4 45.0 45 1.0
video_test_0001209 64.03333333333333 65.0 45 1.0
video_test_0001209 65.03333333333333 70.0 45 1.0
video_test_0001209 77.7 80.0 45 1.0
video_test_0001209 80.2 85.0 45 1.0
video_test_0001209 94.4 95.86666666666666 45 1.0
video_test_0001209 110.16666666666667 110.86666666666666 45 1.0
video_test_0001209 122.56666666666666 124.16666666666667 45 1.0
video_test_0001209 124.16666666666667 129.16666666666669 45 1.0
video_test_0001209 133.66666666666666 134.16666666666669 45 1.0
video_test_0001209 140.06666666666666 139.16666666666669 45 1.0
video_test_0001209 141.93333333333334 143.53333333333333 45 1.0
video_test_0001209 158.9 158.53333333333333 45 1.0
video_test_0001209 162.56666666666666 163.53333333333333 45 1.0
video_test_0001209 163.83333333333334 168.53333333333333 45 1.0
video_test_0001209 183.53333333333333 188.53333333333333 45 1.0
video_test_0001209 190.2 193.53333333333333 45 1.0
video_test_0001209 195.0 198.53333333333333 45 1.0
video_test_0001209 221.96666666666667 223.53333333333333 45 1.0
video_test_0001209 223.53333333333333 228.53333333333333 45 1.0
video_test_0001209 236.1 238.53333333333333 45 1.0
video_test_0001209 245.63333333333333 248.53333333333333 45 1.0
video_test_0001209 250.53333333333333 253.53333333333333 45 1.0
video_test_0001209 255.3 258.5333333333333 45 1.0
video_test_0001209 263.3333333333333 263.5333333333333 45 1.0
video_test_0001209 268.96666666666664 268.5333333333333 45 1.0
video_test_0001209 272.2 273.5333333333333 45 1.0
video_test_0001209 282.73333333333335 283.5333333333333 45 1.0
video_test_0001209 285.6666666666667 288.5333333333333 45 1.0
video_test_0001209 293.76666666666665 293.5333333333333 45 1.0
video_test_0001209 293.53333333333336 298.5333333333333 45 1.0
video_test_0001209 301.1 303.5333333333333 45 1.0
video_test_0001209 312.1333333333333 313.5333333333333 45 1.0
video_test_0001209 314.26666666666665 315.3666666666667 45 1.0
video_test_0001209 315.3666666666667 320.3666666666667 45 1.0
video_test_0001219 1.7 5.0 51 1.0
video_test_0001219 19.6 20.0 51 1.0
video_test_0001219 23.7 25.0 51 1.0
video_test_0001219 25.066666666666666 30.0 51 1.0
video_test_0001219 39.6 40.0 51 1.0
video_test_0001219 52.36666666666667 55.0 51 1.0
video_test_0001219 142.66666666666666 145.0 51 1.0
video_test_0001219 146.06666666666666 150.0 51 1.0
video_test_0001223 4.333333333333333 5.0 93 1.0
video_test_0001223 5.533333333333333 10.0 93 1.0
video_test_0001223 12.8 14.4 93 1.0
video_test_0001223 17.466666666666665 18.566666666666666 93 1.0
video_test_0001223 18.566666666666666 18.666666666666668 93 1.0
video_test_0001223 30.433333333333334 32.03333333333333 93 1.0
video_test_0001223 32.733333333333334 33.53333333333333 93 1.0
video_test_0001223 35.333333333333336 38.53333333333333 93 1.0
video_test_0001223 78.63333333333334 80.23333333333333 93 1.0
video_test_0001223 81.6 82.86666666666666 93 1.0
video_test_0001223 101.93333333333334 103.03333333333333 93 1.0
video_test_0001223 106.16666666666667 106.26666666666667 93 1.0
video_test_0001223 108.06666666666666 108.66666666666667 93 1.0
video_test_0001223 111.36666666666666 112.96666666666667 93 1.0
video_test_0001229 21.633333333333333 25.9 36 1.0
video_test_0001229 28.766666666666666 30.9 36 1.0
video_test_0001229 31.033333333333335 35.9 36 1.0
video_test_0001229 36.53333333333333 40.9 36 1.0
video_test_0001229 41.36666666666667 45.9 36 1.0
video_test_0001229 45.9 46.56666666666667 36 1.0
video_test_0001229 50.43333333333333 51.56666666666667 36 1.0
video_test_0001229 51.56666666666667 56.56666666666667 36 1.0
video_test_0001229 59.06666666666667 61.56666666666667 36 1.0
video_test_0001229 61.7 66.56666666666666 36 1.0
video_test_0001229 75.03333333333333 76.56666666666666 36 1.0
video_test_0001229 77.13333333333334 81.56666666666666 36 1.0
video_test_0001229 84.2 86.56666666666666 36 1.0
video_test_0001229 86.56666666666666 91.56666666666666 36 1.0
video_test_0001229 91.56666666666666 96.56666666666666 36 1.0
video_test_0001229 99.66666666666667 101.56666666666666 36 1.0
video_test_0001229 103.8 106.56666666666666 36 1.0
video_test_0001229 114.23333333333333 116.56666666666666 36 1.0
video_test_0001229 117.83333333333333 121.56666666666666 36 1.0
video_test_0001229 124.56666666666666 126.56666666666666 36 1.0
video_test_0001229 126.93333333333334 131.56666666666666 36 1.0
video_test_0001229 135.83333333333334 136.56666666666666 36 1.0
video_test_0001229 138.03333333333333 141.56666666666666 36 1.0
video_test_0001229 141.7 146.56666666666666 36 1.0
video_test_0001229 148.93333333333334 151.56666666666666 36 1.0
video_test_0001229 151.56666666666666 156.56666666666666 36 1.0
video_test_0001229 156.6 161.56666666666666 36 1.0
video_test_0001229 164.1 166.56666666666666 36 1.0
video_test_0001229 166.8 171.56666666666666 36 1.0
video_test_0001229 173.0 176.56666666666666 36 1.0
video_test_0001229 179.33333333333334 181.56666666666666 36 1.0
video_test_0001229 182.73333333333332 186.56666666666666 36 1.0
video_test_0001229 186.56666666666666 191.56666666666666 36 1.0
video_test_0001229 212.53333333333333 216.56666666666666 36 1.0
video_test_0001229 218.5 221.56666666666666 36 1.0
video_test_0001229 223.56666666666666 226.56666666666666 36 1.0
video_test_0001229 234.16666666666666 236.56666666666666 36 1.0
video_test_0001235 21.654966666666667 25.0 68 1.0
video_test_0001235 30.063366666666667 35.0 68 1.0
video_test_0001235 37.90453333333333 40.0 68 1.0
video_test_0001235 41.041000000000004 45.0 68 1.0
video_test_0001235 46.146100000000004 50.0 68 1.0
video_test_0001235 50.48376666666667 55.0 68 1.0
video_test_0001235 58.42503333333333 60.0 68 1.0
video_test_0001235 61.42803333333333 65.0 68 1.0
video_test_0001235 65.19846666666666 70.0 68 1.0
video_test_0001235 71.60486666666667 75.0 68 1.0
video_test_0001235 77.7777 80.0 68 1.0
video_test_0001235 80.0 85.0 68 1.0
video_test_0001235 87.087 90.0 68 1.0
video_test_0001235 93.42666666666666 95.0 68 1.0
video_test_0001235 100.43366666666667 105.0 68 1.0
video_test_0001235 106.4063 110.0 68 1.0
video_test_0001235 110.0 115.0 68 1.0
video_test_0001235 116.18273333333333 120.0 68 1.0
video_test_0001235 120.15336666666667 125.0 68 1.0
video_test_0001235 128.6285 130.0 68 1.0
video_test_0001235 130.13 135.0 68 1.0
video_test_0001235 135.0 140.0 68 1.0
video_test_0001235 142.80933333333334 145.0 68 1.0
video_test_0001235 147.28046666666668 150.0 68 1.0
video_test_0001235 150.0 155.0 68 1.0
video_test_0001235 158.29146666666668 160.0 68 1.0
video_test_0001235 162.7626 165.0 68 1.0
video_test_0001235 166.03253333333333 170.0 68 1.0
video_test_0001235 171.20436666666666 175.0 68 1.0
video_test_0001235 175.84233333333333 180.0 68 1.0
video_test_0001235 183.04953333333333 185.0 68 1.0
video_test_0001235 185.81896666666668 190.0 68 1.0
video_test_0001235 190.0 195.0 68 1.0
video_test_0001235 196.06253333333333 200.0 68 1.0
video_test_0001235 203.3031 205.0 68 1.0
video_test_0001235 206.77323333333334 210.0 68 1.0
video_test_0001235 212.27873333333335 215.0 68 1.0
video_test_0001235 217.48393333333334 220.0 68 1.0
video_test_0001235 222.48893333333334 225.0 68 1.0
video_test_0001235 225.45856666666668 230.0 68 1.0
video_test_0001235 230.0 235.0 68 1.0
video_test_0001235 235.56866666666667 240.0 68 1.0
video_test_0001235 242.1419 245.0 68 1.0
video_test_0001235 245.0 250.0 68 1.0
video_test_0001235 250.18326666666667 255.0 68 1.0
video_test_0001235 255.22163333333333 260.0 68 1.0
video_test_0001235 260.1265333333333 265.0 68 1.0
video_test_0001235 265.5653 270.0 68 1.0
video_test_0001235 270.1365333333333 275.0 68 1.0
video_test_0001235 276.54293333333334 280.0 68 1.0
video_test_0001235 282.51556666666664 285.0 68 1.0
video_test_0001235 285.0 290.0 68 1.0
video_test_0001235 293.15953333333334 295.0 68 1.0
video_test_0001235 296.96333333333337 300.0 68 1.0
video_test_0001235 306.7397666666667 310.0 68 1.0
video_test_0001235 310.54356666666666 315.0 68 1.0
video_test_0001235 318.0177 320.0 68 1.0
video_test_0001235 320.08643333333333 325.0 68 1.0
video_test_0001235 325.0914333333333 330.0 68 1.0
video_test_0001235 333.49983333333336 335.0 68 1.0
video_test_0001235 335.0 340.0 68 1.0
video_test_0001235 340.0 345.0 68 1.0
video_test_0001235 346.9132333333333 350.0 68 1.0
video_test_0001235 351.351 355.0 68 1.0
video_test_0001235 356.02233333333334 360.0 68 1.0
video_test_0001235 360.42673333333335 365.0 68 1.0
video_test_0001235 365.4984666666667 370.0 68 1.0
video_test_0001235 372.80576666666667 375.0 68 1.0
video_test_0001235 375.80876666666666 380.0 68 1.0
video_test_0001235 385.0 390.0 68 1.0
video_test_0001235 390.62356666666665 395.0 68 1.0
video_test_0001235 396.66293333333334 400.0 68 1.0
video_test_0001235 400.0 405.0 68 1.0
video_test_0001235 405.0 410.0 68 1.0
video_test_0001235 410.0 415.0 68 1.0
video_test_0001235 416.9165 420.0 68 1.0
video_test_0001235 420.0 425.0 68 1.0
video_test_0001235 427.19343333333336 430.0 68 1.0
video_test_0001235 430.8304 435.0 68 1.0
video_test_0001235 437.8374 440.0 68 1.0
video_test_0001235 440.8404 445.0 68 1.0
video_test_0001235 445.0 450.0 68 1.0
video_test_0001235 450.7503 455.0 68 1.0
video_test_0001235 455.92213333333336 460.0 68 1.0
video_test_0001235 462.5287333333333 465.0 68 1.0
video_test_0001235 466.69956666666667 470.0 68 1.0
video_test_0001235 470.13633333333337 475.0 68 1.0
video_test_0001235 477.10996666666665 480.0 68 1.0
video_test_0001235 480.0 485.0 68 1.0
video_test_0001235 485.0 490.0 68 1.0
video_test_0001235 490.0 495.0 68 1.0
video_test_0001235 495.26143333333334 500.0 68 1.0
video_test_0001235 500.0 505.0 68 1.0
video_test_0001235 505.0 510.0 68 1.0
video_test_0001235 512.3785333333334 515.0 68 1.0
video_test_0001235 515.0478666666667 520.0 68 1.0
video_test_0001235 520.0 525.0 68 1.0
video_test_0001235 527.7272 530.0 68 1.0
video_test_0001235 531.3308 535.0 68 1.0
video_test_0001235 541.2407000000001 545.0 68 1.0
video_test_0001235 545.0 550.0 68 1.0
video_test_0001235 552.0515 555.0 68 1.0
video_test_0001235 555.0 560.0 68 1.0
video_test_0001235 560.0 565.0 68 1.0
video_test_0001235 568.0341333333333 570.0 68 1.0
video_test_0001235 571.2373333333334 575.0 68 1.0
video_test_0001235 576.1756 580.0 68 1.0
video_test_0001235 580.2129666666667 585.0 68 1.0
video_test_0001235 585.0 590.0 68 1.0
video_test_0001235 591.7578333333333 595.0 68 1.0
video_test_0001235 597.597 600.0 68 1.0
video_test_0001235 600.0 605.0 68 1.0
video_test_0001235 606.9063 610.0 68 1.0
video_test_0001235 611.2106 615.0 68 1.0
video_test_0001235 620.3530666666667 625.0 68 1.0
video_test_0001235 625.1245 630.0 68 1.0
video_test_0001235 632.1982333333333 635.0 68 1.0
video_test_0001235 636.0687666666666 640.0 68 1.0
video_test_0001235 641.5409 645.0 68 1.0
video_test_0001235 645.4781666666667 650.0 68 1.0
video_test_0001235 650.1495 655.0 68 1.0
video_test_0001235 658.658 660.0 68 1.0
video_test_0001235 661.3607000000001 665.0 68 1.0
video_test_0001235 665.0 670.0 68 1.0
video_test_0001235 671.1705000000001 675.0 68 1.0
video_test_0001235 675.4748 680.0 68 1.0
video_test_0001235 680.0794 685.0 68 1.0
video_test_0001235 687.2532333333334 690.0 68 1.0
video_test_0001235 690.0 695.0 68 1.0
video_test_0001235 696.6626333333334 700.0 68 1.0
video_test_0001235 700.4664333333334 705.0 68 1.0
video_test_0001235 705.4714333333334 710.0 68 1.0
video_test_0001235 718.2175 720.0 68 1.0
video_test_0001235 723.0223 725.0 68 1.0
video_test_0001235 732.1981333333333 735.0 68 1.0
video_test_0001235 736.3689666666667 740.0 68 1.0
video_test_0001235 740.7066333333333 745.0 68 1.0
video_test_0001235 750.0 755.0 68 1.0
video_test_0001235 755.0 760.0 68 1.0
video_test_0001235 760.0 765.0 68 1.0
video_test_0001235 768.5010666666667 770.0 68 1.0
video_test_0001235 773.8063666666667 775.0 68 1.0
video_test_0001235 775.0 780.0 68 1.0
video_test_0001235 786.0853 790.0 68 1.0
video_test_0001235 790.2895 795.0 68 1.0
video_test_0001235 795.3278666666666 800.0 68 1.0
video_test_0001247 6.033333333333333 9.5 12 1.0
video_test_0001247 14.8 19.5 12 1.0
video_test_0001247 20.8 22.4 12 1.0
video_test_0001247 51.9 52.8 12 1.0
video_test_0001247 74.96666666666667 76.56666666666666 12 1.0
video_test_0001247 77.76666666666667 81.56666666666666 12 1.0
video_test_0001247 86.1 86.56666666666666 12 1.0
video_test_0001247 90.46666666666667 91.56666666666666 12 1.0
video_test_0001255 2.68 6.96 45 1.0
video_test_0001255 7.0 11.96 45 1.0
video_test_0001255 17.32 16.96 45 1.0
video_test_0001255 20.12 21.96 45 1.0
video_test_0001255 23.96 28.96 45 1.0
video_test_0001255 68.16 68.96000000000001 45 1.0
video_test_0001255 73.28 73.96000000000001 45 1.0
video_test_0001255 78.6 78.96000000000001 45 1.0
video_test_0001255 79.24 83.96000000000001 45 1.0
video_test_0001255 103.56 103.96000000000001 45 1.0
video_test_0001255 106.96 108.96000000000001 45 1.0
video_test_0001255 111.52 113.96000000000001 45 1.0
video_test_0001255 115.32 118.96000000000001 45 1.0
video_test_0001255 120.32 123.96000000000001 45 1.0
video_test_0001255 146.68 148.96 45 1.0
video_test_0001255 162.6 163.96 45 1.0
video_test_0001255 165.28 168.96 45 1.0
video_test_0001255 172.68 173.96 45 1.0
video_test_0001255 174.16 178.96 45 1.0
video_test_0001255 226.92 228.96 45 1.0
video_test_0001255 229.48 233.96 45 1.0
video_test_0001255 235.56 238.96 45 1.0
video_test_0001255 241.68 243.96 45 1.0
video_test_0001255 248.12 248.96 45 1.0
video_test_0001255 251.24 253.96 45 1.0
video_test_0001255 260.04 263.96000000000004 45 1.0
video_test_0001255 266.68 268.96000000000004 45 1.0
video_test_0001255 271.6 273.96000000000004 45 1.0
video_test_0001255 302.56 304.24 45 1.0
video_test_0001255 304.92 309.24 45 1.0
video_test_0001255 312.76 314.24 45 1.0
video_test_0001255 322.8 324.24 45 1.0
video_test_0001255 326.36 329.24 45 1.0
video_test_0001255 332.04 334.24 45 1.0
video_test_0001255 344.44 344.24 45 1.0
video_test_0001255 346.48 349.24 45 1.0
video_test_0001255 352.08 354.24 45 1.0
video_test_0001255 396.92 400.16 45 1.0
video_test_0001255 403.92 405.16 45 1.0
video_test_0001255 405.2 410.16 45 1.0
video_test_0001255 431.32 433.4 45 1.0
video_test_0001255 451.96 453.4 45 1.0
video_test_0001255 463.08 466.24 45 1.0
video_test_0001255 467.28 471.24 45 1.0
video_test_0001255 499.56 501.24 45 1.0
video_test_0001255 504.04 506.24 45 1.0
video_test_0001255 508.2 511.24 45 1.0
video_test_0001255 515.72 516.24 45 1.0
video_test_0001255 519.6 521.24 45 1.0
video_test_0001255 522.32 526.24 45 1.0
video_test_0001255 529.8 531.24 45 1.0
video_test_0001255 546.72 551.24 45 1.0
video_test_0001255 552.92 556.24 45 1.0
video_test_0001255 559.56 560.96 45 1.0
video_test_0001255 578.6 580.96 45 1.0
video_test_0001255 584.32 585.96 45 1.0
video_test_0001255 586.56 590.96 45 1.0
video_test_0001255 594.04 595.96 45 1.0
video_test_0001255 601.0 605.96 45 1.0
video_test_0001255 614.0 615.96 45 1.0
video_test_0001255 622.56 625.96 45 1.0
video_test_0001255 628.0 628.04 45 1.0
video_test_0001255 629.36 633.04 45 1.0
video_test_0001255 636.28 638.04 45 1.0
video_test_0001255 651.8 653.04 45 1.0
video_test_0001255 654.76 658.04 45 1.0
video_test_0001255 658.2 663.04 45 1.0
video_test_0001255 684.56 688.04 45 1.0
video_test_0001255 697.68 698.04 45 1.0
video_test_0001255 707.28 708.04 45 1.0
video_test_0001255 711.68 713.12 45 1.0
video_test_0001255 713.88 718.12 45 1.0
video_test_0001255 725.08 728.12 45 1.0
video_test_0001255 728.32 733.12 45 1.0
video_test_0001255 733.8 738.12 45 1.0
video_test_0001255 755.16 758.12 45 1.0
video_test_0001255 758.12 763.12 45 1.0
video_test_0001255 765.32 768.12 45 1.0
video_test_0001255 777.68 778.12 45 1.0
video_test_0001255 781.88 783.12 45 1.0
video_test_0001255 784.08 788.12 45 1.0
video_test_0001255 796.96 798.12 45 1.0
video_test_0001255 801.28 803.12 45 1.0
video_test_0001255 805.24 808.12 45 1.0
video_test_0001255 821.84 823.12 45 1.0
video_test_0001255 823.28 828.12 45 1.0
video_test_0001255 828.76 833.12 45 1.0
video_test_0001255 837.32 838.12 45 1.0
video_test_0001255 841.56 843.12 45 1.0
video_test_0001255 856.68 858.12 45 1.0
video_test_0001255 860.68 863.12 45 1.0
video_test_0001255 864.76 868.12 45 1.0
video_test_0001255 884.12 888.12 45 1.0
video_test_0001255 901.6 903.12 45 1.0
video_test_0001255 904.68 908.12 45 1.0
video_test_0001255 928.36 928.12 45 1.0
video_test_0001255 933.04 933.12 45 1.0
video_test_0001255 933.32 938.12 45 1.0
video_test_0001255 947.72 948.12 45 1.0
video_test_0001255 951.12 953.12 45 1.0
video_test_0001255 976.36 976.32 45 1.0
video_test_0001255 990.64 991.32 45 1.0
video_test_0001255 991.52 996.32 45 1.0
video_test_0001255 1001.8 1001.32 45 1.0
video_test_0001255 1005.16 1006.32 45 1.0
video_test_0001255 1006.4 1011.32 45 1.0
video_test_0001255 1011.84 1016.32 45 1.0
video_test_0001255 1020.08 1021.32 45 1.0
video_test_0001255 1022.24 1026.3200000000002 45 1.0
video_test_0001255 1057.52 1061.3200000000002 45 1.0
video_test_0001255 1065.28 1066.3200000000002 45 1.0
video_test_0001255 1073.4 1076.3200000000002 45 1.0
video_test_0001255 1085.12 1086.3200000000002 45 1.0
video_test_0001255 1090.24 1091.3200000000002 45 1.0
video_test_0001255 1093.92 1096.3200000000002 45 1.0
video_test_0001255 1116.48 1121.3200000000002 45 1.0
video_test_0001255 1124.16 1126.3200000000002 45 1.0
video_test_0001255 1129.32 1131.3200000000002 45 1.0
video_test_0001255 1134.36 1136.3200000000002 45 1.0
video_test_0001255 1138.68 1141.3200000000002 45 1.0
video_test_0001255 1158.48 1159.92 45 1.0
video_test_0001255 1172.44 1174.92 45 1.0
video_test_0001255 1176.76 1178.2 45 1.0
video_test_0001255 1187.0 1188.2 45 1.0
video_test_0001255 1191.92 1193.2 45 1.0
video_test_0001255 1193.4 1198.2 45 1.0
video_test_0001255 1202.04 1203.2 45 1.0
video_test_0001255 1207.24 1208.2 45 1.0
video_test_0001255 1208.2 1213.2 45 1.0
video_test_0001257 1.1 6.866666666666666 9 1.0
video_test_0001257 8.9 11.866666666666667 9 1.0
video_test_0001257 12.333333333333334 13.533333333333333 9 1.0
video_test_0001257 17.933333333333334 18.6 9 1.0
video_test_0001257 23.466666666666665 23.6 9 1.0
video_test_0001257 23.733333333333334 24.833333333333332 9 1.0
video_test_0001257 28.766666666666666 29.833333333333332 9 1.0
video_test_0001257 34.96666666666667 36.3 9 1.0
video_test_0001257 39.666666666666664 40.96666666666667 9 1.0
video_test_0001257 47.0 48.166666666666664 9 1.0
video_test_0001257 50.8 53.166666666666664 9 1.0
video_test_0001257 56.2 56.56666666666667 9 1.0
video_test_0001257 58.93333333333333 60.2 9 1.0
video_test_0001257 62.9 64.46666666666667 9 1.0
video_test_0001257 68.36666666666666 69.66666666666667 9 1.0
video_test_0001257 74.76666666666667 76.0 9 1.0
video_test_0001257 80.3 80.9 9 1.0
video_test_0001257 82.7 83.66666666666667 9 1.0
video_test_0001257 85.93333333333334 86.8 9 1.0
video_test_0001257 88.8 91.8 9 1.0
video_test_0001257 94.7 95.86666666666666 9 1.0
video_test_0001257 99.53333333333333 100.2 9 1.0
video_test_0001257 106.06666666666666 109.93333333333334 9 1.0
video_test_0001257 110.73333333333333 111.0 9 1.0
video_test_0001257 117.73333333333333 117.83333333333333 9 1.0
video_test_0001257 120.5 121.46666666666667 9 1.0
video_test_0001257 122.8 123.4 9 1.0
video_test_0001257 125.36666666666666 128.4 9 1.0
video_test_0001257 128.7 129.33333333333334 9 1.0
video_test_0001257 130.56666666666666 134.33333333333334 9 1.0
video_test_0001257 135.93333333333334 139.33333333333334 9 1.0
video_test_0001257 144.4 145.0 9 1.0
video_test_0001257 150.56666666666666 150.76666666666668 9 1.0
video_test_0001257 154.83333333333334 155.76666666666668 9 1.0
video_test_0001257 163.4 164.33333333333334 9 1.0
video_test_0001257 166.16666666666666 167.1 9 1.0
video_test_0001257 167.1 168.1 9 1.0
video_test_0001257 172.1 172.96666666666667 9 1.0
video_test_0001257 173.0 174.1 9 1.0
video_test_0001257 177.16666666666666 177.93333333333334 9 1.0
video_test_0001257 180.8 181.9 9 1.0
video_test_0001257 185.73333333333332 186.83333333333334 9 1.0
video_test_0001257 189.93333333333334 190.93333333333334 9 1.0
video_test_0001257 201.43333333333334 202.36666666666667 9 1.0
video_test_0001257 210.3 211.9 9 1.0
video_test_0001257 211.9 216.9 9 1.0
video_test_0001257 216.9 217.96666666666667 9 1.0
video_test_0001257 222.4 223.4 9 1.0
video_test_0001257 225.53333333333333 226.33333333333334 9 1.0
video_test_0001257 231.46666666666667 232.36666666666667 9 1.0
video_test_0001257 239.33333333333334 239.93333333333334 9 1.0
video_test_0001267 13.766666666666667 14.933333333333334 12 1.0
video_test_0001267 15.766666666666667 17.333333333333332 12 1.0
video_test_0001267 17.933333333333334 22.333333333333332 12 1.0
video_test_0001267 28.333333333333332 32.33333333333333 12 1.0
video_test_0001267 32.36666666666667 37.33333333333333 12 1.0
video_test_0001267 56.3 57.33333333333333 12 1.0
video_test_0001267 66.43333333333334 68.03333333333333 12 1.0
video_test_0001267 69.5 73.03333333333333 12 1.0
video_test_0001267 76.96666666666667 78.03333333333333 12 1.0
video_test_0001267 82.3 83.03333333333333 12 1.0
video_test_0001267 84.36666666666666 88.03333333333333 12 1.0
video_test_0001267 117.26666666666667 118.03333333333333 12 1.0
video_test_0001267 122.5 123.03333333333333 12 1.0
video_test_0001268 7.333333333333333 10.0 79 1.0
video_test_0001268 28.933333333333334 32.4 79 1.0
video_test_0001268 47.766666666666666 52.4 79 1.0
video_test_0001268 54.43333333333333 57.4 79 1.0
video_test_0001268 58.266666666666666 58.86666666666667 79 1.0
video_test_0001268 66.9 67.96666666666667 79 1.0
video_test_0001268 67.96666666666667 72.96666666666667 79 1.0
video_test_0001268 75.93333333333334 77.53333333333333 79 1.0
video_test_0001268 79.76666666666667 82.53333333333333 79 1.0
video_test_0001268 87.43333333333334 87.6 79 1.0
video_test_0001270 0.0 5.5 21 1.0
video_test_0001270 86.8 90.5 21 1.0
video_test_0001270 91.0 95.5 21 1.0
video_test_0001270 95.5 100.5 21 1.0
video_test_0001270 101.13333333333334 105.5 21 1.0
video_test_0001270 116.6 120.5 21 1.0
video_test_0001270 133.9 135.5 21 1.0
video_test_0001270 143.13333333333333 145.5 21 1.0
video_test_0001270 156.96666666666667 160.5 21 1.0
video_test_0001270 161.0 165.5 21 1.0
video_test_0001270 166.0 167.6 21 1.0
video_test_0001270 171.2 172.6 21 1.0
video_test_0001270 174.3 177.6 21 1.0
video_test_0001270 189.1 192.6 21 1.0
video_test_0001270 200.86666666666667 202.6 21 1.0
video_test_0001270 202.73333333333332 207.6 21 1.0
video_test_0001270 213.86666666666667 217.6 21 1.0
video_test_0001270 218.3 222.6 21 1.0
video_test_0001276 8.933333333333334 10.966666666666667 24 1.0
video_test_0001276 13.433333333333334 15.966666666666667 24 1.0
video_test_0001276 18.0 20.96666666666667 24 1.0
video_test_0001276 21.9 25.96666666666667 24 1.0
video_test_0001276 26.9 28.3 24 1.0
video_test_0001276 28.7 33.3 24 1.0
video_test_0001276 34.06666666666667 38.3 24 1.0
video_test_0001276 41.733333333333334 43.3 24 1.0
video_test_0001276 47.2 47.3 24 1.0
video_test_0001276 47.36666666666667 52.3 24 1.0
video_test_0001281 39.005633333333336 40.0 51 1.0
video_test_0001281 43.743700000000004 45.0 51 1.0
video_test_0001281 47.18046666666667 50.0 51 1.0
video_test_0001281 53.820433333333334 55.0 51 1.0
video_test_0001281 56.423033333333336 60.0 51 1.0
video_test_0001307 103.8 106.46666666666667 21 1.0
video_test_0001307 106.76666666666667 111.46666666666667 21 1.0
video_test_0001307 114.23333333333333 116.46666666666667 21 1.0
video_test_0001307 116.46666666666667 121.46666666666667 21 1.0
video_test_0001307 148.86666666666667 150.46666666666667 21 1.0
video_test_0001307 150.46666666666667 155.46666666666667 21 1.0
video_test_0001307 177.8 180.46666666666667 21 1.0
video_test_0001307 180.63333333333333 185.46666666666667 21 1.0
video_test_0001307 189.46666666666667 190.46666666666667 21 1.0
video_test_0001307 190.46666666666667 195.46666666666667 21 1.0
video_test_0001309 2.2 5.0 26 1.0
video_test_0001309 6.6 10.0 26 1.0
video_test_0001309 10.366666666666667 15.0 26 1.0
video_test_0001309 21.833333333333332 25.0 26 1.0
video_test_0001309 30.666666666666668 30.0 26 1.0
video_test_0001309 30.733333333333334 35.0 26 1.0
video_test_0001309 35.3 40.0 26 1.0
video_test_0001309 44.333333333333336 45.0 26 1.0
video_test_0001309 46.46666666666667 50.0 26 1.0
video_test_0001309 50.0 55.0 26 1.0
video_test_0001313 28.933333333333334 29.633333333333333 24 1.0
video_test_0001313 74.86666666666666 76.46666666666667 24 1.0
video_test_0001313 81.63333333333334 84.43333333333334 24 1.0
video_test_0001313 116.23333333333333 117.46666666666667 24 1.0
video_test_0001313 151.3 153.3 24 1.0
video_test_0001313 165.2 165.46666666666667 24 1.0
video_test_0001313 17.433333333333334 20.0 23 1.0
video_test_0001313 24.1 25.0 23 1.0
video_test_0001313 26.566666666666666 27.666666666666668 23 1.0
video_test_0001313 33.03333333333333 34.233333333333334 23 1.0
video_test_0001313 38.06666666666667 39.233333333333334 23 1.0
video_test_0001313 41.9 44.233333333333334 23 1.0
video_test_0001313 51.8 54.233333333333334 23 1.0
video_test_0001313 58.0 59.233333333333334 23 1.0
video_test_0001313 63.13333333333333 64.06666666666666 23 1.0
video_test_0001313 70.83333333333333 70.66666666666667 23 1.0
video_test_0001313 73.36666666666666 75.66666666666667 23 1.0
video_test_0001313 78.6 80.2 23 1.0
video_test_0001313 81.93333333333334 85.2 23 1.0
video_test_0001313 89.23333333333333 90.83333333333333 23 1.0
video_test_0001313 91.43333333333334 93.03333333333333 23 1.0
video_test_0001313 96.86666666666666 98.16666666666667 23 1.0
video_test_0001313 100.66666666666667 103.16666666666667 23 1.0
video_test_0001313 104.36666666666666 105.96666666666667 23 1.0
video_test_0001313 108.8 110.96666666666667 23 1.0
video_test_0001313 112.9 113.16666666666667 23 1.0
video_test_0001313 116.0 117.43333333333334 23 1.0
video_test_0001313 120.66666666666667 122.43333333333334 23 1.0
video_test_0001313 124.56666666666666 127.43333333333334 23 1.0
video_test_0001313 150.66666666666666 152.26666666666668 23 1.0
video_test_0001313 155.96666666666667 157.56666666666666 23 1.0
video_test_0001313 161.63333333333333 162.73333333333332 23 1.0
video_test_0001314 18.466666666666665 18.766666666666666 45 1.0
video_test_0001314 22.366666666666667 23.766666666666666 45 1.0
video_test_0001314 28.566666666666666 30.066666666666666 45 1.0
video_test_0001314 30.666666666666668 35.06666666666666 45 1.0
video_test_0001314 39.46666666666667 40.06666666666666 45 1.0
video_test_0001314 44.56666666666667 45.06666666666666 45 1.0
video_test_0001314 48.733333333333334 50.06666666666666 45 1.0
video_test_0001314 53.166666666666664 55.06666666666666 45 1.0
video_test_0001314 60.46666666666667 60.06666666666666 45 1.0
video_test_0001314 61.766666666666666 65.06666666666666 45 1.0
video_test_0001314 68.76666666666667 70.06666666666666 45 1.0
video_test_0001314 70.16666666666667 75.06666666666666 45 1.0
video_test_0001314 79.66666666666667 80.06666666666666 45 1.0
video_test_0001314 88.86666666666666 90.06666666666666 45 1.0
video_test_0001314 93.2 95.06666666666666 45 1.0
video_test_0001314 109.16666666666667 110.06666666666666 45 1.0
video_test_0001314 120.13333333333334 120.06666666666666 45 1.0
video_test_0001314 121.2 125.06666666666666 45 1.0
video_test_0001314 133.43333333333334 135.06666666666666 45 1.0
video_test_0001314 139.56666666666666 140.06666666666666 45 1.0
video_test_0001314 142.96666666666667 145.06666666666666 45 1.0
video_test_0001314 150.2 150.06666666666666 45 1.0
video_test_0001314 151.4 155.06666666666666 45 1.0
video_test_0001314 156.5 160.06666666666666 45 1.0
video_test_0001314 161.03333333333333 165.06666666666666 45 1.0
video_test_0001314 167.5 170.06666666666666 45 1.0
video_test_0001314 170.2 175.06666666666666 45 1.0
video_test_0001314 177.66666666666666 180.06666666666666 45 1.0
video_test_0001314 184.46666666666667 185.06666666666666 45 1.0
video_test_0001314 187.96666666666667 190.06666666666666 45 1.0
video_test_0001314 190.06666666666666 195.06666666666666 45 1.0
video_test_0001314 199.93333333333334 200.06666666666666 45 1.0
video_test_0001314 208.06666666666666 210.06666666666666 45 1.0
video_test_0001314 220.66666666666666 221.8 45 1.0
video_test_0001314 224.1 226.8 45 1.0
video_test_0001314 230.46666666666667 231.8 45 1.0
video_test_0001314 240.36666666666667 241.8 45 1.0
video_test_0001314 242.73333333333332 246.8 45 1.0
video_test_0001314 253.8 256.8 45 1.0
video_test_0001314 261.1333333333333 261.8 45 1.0
video_test_0001314 269.93333333333334 271.8 45 1.0
video_test_0001314 275.26666666666665 276.8 45 1.0
video_test_0001314 279.9 281.8 45 1.0
video_test_0001314 284.2 286.8 45 1.0
video_test_0001314 289.9 291.8 45 1.0
video_test_0001314 295.9 296.8 45 1.0
video_test_0001314 300.43333333333334 301.8 45 1.0
video_test_0001314 304.96666666666664 306.8 45 1.0
video_test_0001314 308.8333333333333 311.8 45 1.0
video_test_0001314 318.1 321.8 45 1.0
video_test_0001314 337.3 337.9 45 1.0
video_test_0001319 23.7 25.03333333333333 97 1.0
video_test_0001319 28.166666666666668 29.766666666666666 97 1.0
video_test_0001319 30.266666666666666 30.633333333333333 97 1.0
video_test_0001319 36.5 37.4 97 1.0
video_test_0001319 44.733333333333334 49.36666666666667 97 1.0
video_test_0001319 51.13333333333333 51.9 97 1.0
video_test_0001324 8.1 10.533333333333333 7 1.0
video_test_0001324 19.6 21.2 7 1.0
video_test_0001324 25.1 26.2 7 1.0
video_test_0001324 45.666666666666664 47.266666666666666 7 1.0
video_test_0001324 51.666666666666664 53.266666666666666 7 1.0
video_test_0001324 62.4 64.0 7 1.0
video_test_0001324 72.83333333333333 74.43333333333334 7 1.0
video_test_0001324 78.2 78.8 7 1.0
video_test_0001324 80.26666666666667 80.36666666666666 7 1.0
video_test_0001324 85.9 87.46666666666667 7 1.0
video_test_0001324 91.03333333333333 91.13333333333334 7 1.0
video_test_0001324 97.53333333333333 99.13333333333334 7 1.0
video_test_0001324 105.56666666666666 107.16666666666667 7 1.0
video_test_0001324 121.8 122.9 7 1.0
video_test_0001324 131.7 132.1 7 1.0
video_test_0001324 134.86666666666667 136.46666666666667 7 1.0
video_test_0001324 137.1 138.2 7 1.0
video_test_0001324 139.93333333333334 141.13333333333333 7 1.0
video_test_0001324 141.7 142.86666666666667 7 1.0
video_test_0001324 144.6 146.2 7 1.0
video_test_0001324 146.86666666666667 147.46666666666667 7 1.0
video_test_0001325 36.266666666666666 37.46666666666667 24 1.0
video_test_0001325 46.46666666666667 47.8 24 1.0
video_test_0001325 48.4 50.0 24 1.0
video_test_0001325 50.03333333333333 51.13333333333333 24 1.0
video_test_0001325 51.833333333333336 52.5 24 1.0
video_test_0001325 92.76666666666667 95.56666666666666 24 1.0
video_test_0001325 150.23333333333332 151.83333333333334 24 1.0
video_test_0001325 161.13333333333333 162.23333333333332 24 1.0
video_test_0001339 0.4666666666666667 5.0 22 1.0
video_test_0001339 6.1 6.933333333333334 22 1.0
video_test_0001339 10.933333333333334 11.933333333333334 22 1.0
video_test_0001339 14.6 16.933333333333334 22 1.0
video_test_0001339 20.4 21.933333333333334 22 1.0
video_test_0001339 22.466666666666665 26.933333333333334 22 1.0
video_test_0001339 28.633333333333333 31.933333333333334 22 1.0
video_test_0001339 40.36666666666667 41.93333333333334 22 1.0
video_test_0001339 42.166666666666664 46.93333333333334 22 1.0
video_test_0001339 51.96666666666667 51.93333333333334 22 1.0
video_test_0001339 56.3 56.93333333333334 22 1.0
video_test_0001339 56.93333333333334 61.93333333333334 22 1.0
video_test_0001339 62.833333333333336 66.93333333333334 22 1.0
video_test_0001339 73.06666666666666 76.93333333333334 22 1.0
video_test_0001339 78.16666666666667 81.93333333333334 22 1.0
video_test_0001339 82.83333333333333 86.93333333333334 22 1.0
video_test_0001339 87.96666666666667 91.93333333333334 22 1.0
video_test_0001339 92.66666666666667 96.93333333333334 22 1.0
video_test_0001339 98.9 101.93333333333334 22 1.0
video_test_0001339 102.93333333333334 106.93333333333334 22 1.0
video_test_0001339 107.23333333333333 111.93333333333334 22 1.0
video_test_0001339 112.5 116.93333333333334 22 1.0
video_test_0001339 117.3 121.93333333333334 22 1.0
video_test_0001339 122.1 126.93333333333334 22 1.0
video_test_0001339 130.33333333333334 131.93333333333334 22 1.0
video_test_0001339 132.06666666666666 136.93333333333334 22 1.0
video_test_0001339 147.9 151.93333333333334 22 1.0
video_test_0001343 12.733333333333333 12.633333333333333 9 1.0
video_test_0001343 13.2 17.633333333333333 9 1.0
video_test_0001343 29.033333333333335 32.733333333333334 9 1.0
video_test_0001343 49.833333333333336 51.233333333333334 9 1.0
video_test_0001343 53.56666666666667 56.63333333333333 9 1.0
video_test_0001343 67.26666666666667 66.63333333333333 9 1.0
video_test_0001343 68.96666666666667 70.56666666666666 9 1.0
video_test_0001343 70.56666666666666 71.56666666666666 9 1.0
video_test_0001343 76.16666666666667 77.66666666666667 9 1.0
video_test_0001343 77.66666666666667 78.43333333333334 9 1.0
video_test_0001343 79.1 80.5 9 1.0
video_test_0001343 80.5 81.0 9 1.0
video_test_0001343 139.23333333333332 140.5 9 1.0
video_test_0001343 140.56666666666666 141.16666666666666 9 1.0
video_test_0001343 141.2 142.8 9 1.0
video_test_0001343 162.93333333333334 162.8 9 1.0
video_test_0001343 163.46666666666667 164.7 9 1.0
video_test_0001343 165.86666666666667 167.46666666666667 9 1.0
video_test_0001343 170.26666666666668 170.76666666666668 9 1.0
video_test_0001343 171.06666666666666 172.66666666666666 9 1.0
video_test_0001343 172.73333333333332 177.66666666666666 9 1.0
video_test_0001343 217.8 218.73333333333332 9 1.0
video_test_0001343 224.26666666666668 225.86666666666667 9 1.0
video_test_0001343 240.53333333333333 242.13333333333333 9 1.0
video_test_0001343 246.66666666666666 247.26666666666668 9 1.0
video_test_0001343 301.76666666666665 303.26666666666665 9 1.0
video_test_0001343 307.5 308.26666666666665 9 1.0
video_test_0001343 308.9 310.3666666666667 9 1.0
video_test_0001343 313.1666666666667 314.76666666666665 9 1.0
video_test_0001358 194.03333333333333 195.63333333333333 23 1.0
video_test_0001358 196.1 200.63333333333333 23 1.0
video_test_0001358 1.6 2.7 24 1.0
video_test_0001358 2.933333333333333 7.7 24 1.0
video_test_0001358 61.2 64.06666666666666 24 1.0
video_test_0001358 83.16666666666667 84.2 24 1.0
video_test_0001358 93.03333333333333 94.2 24 1.0
video_test_0001358 106.96666666666667 108.43333333333334 24 1.0
video_test_0001358 109.06666666666666 113.43333333333334 24 1.0
video_test_0001358 114.73333333333333 118.43333333333334 24 1.0
video_test_0001358 119.9 121.23333333333333 24 1.0
video_test_0001358 129.83333333333334 131.43333333333334 24 1.0
video_test_0001358 132.4 132.86666666666667 24 1.0
video_test_0001358 136.6 137.86666666666667 24 1.0
video_test_0001358 139.96666666666667 141.56666666666666 24 1.0
video_test_0001358 142.83333333333334 144.43333333333334 24 1.0
video_test_0001358 148.26666666666668 149.86666666666667 24 1.0
video_test_0001358 154.5 155.6 24 1.0
video_test_0001358 160.16666666666666 161.76666666666668 24 1.0
video_test_0001358 162.26666666666668 162.36666666666667 24 1.0
video_test_0001358 162.76666666666668 164.23333333333332 24 1.0
video_test_0001358 166.7 168.26666666666668 24 1.0
video_test_0001358 168.9 169.4 24 1.0
video_test_0001358 177.9 179.53333333333333 24 1.0
video_test_0001358 180.96666666666667 182.23333333333332 24 1.0
video_test_0001358 186.3 187.4 24 1.0
video_test_0001358 189.9 192.4 24 1.0
video_test_0001358 194.73333333333332 195.0 24 1.0
video_test_0001358 195.6 200.0 24 1.0
video_test_0001358 202.63333333333333 203.23333333333332 24 1.0
video_test_0001358 206.76666666666668 207.86666666666667 24 1.0
video_test_0001369 15.882533333333333 20.0 51 1.0
video_test_0001369 38.07136666666667 40.0 51 1.0
video_test_0001369 41.17446666666667 45.0 51 1.0
video_test_0001369 58.458400000000005 60.0 51 1.0
video_test_0001369 61.928533333333334 65.0 51 1.0
video_test_0001369 65.26520000000001 70.0 51 1.0
video_test_0001369 83.3833 85.0 51 1.0
video_test_0001369 87.85443333333333 90.0 51 1.0
video_test_0001369 108.108 110.0 51 1.0
video_test_0001369 112.11200000000001 115.0 51 1.0
video_test_0001369 117.65086666666667 120.0 51 1.0
video_test_0001369 134.00053333333332 135.0 51 1.0
video_test_0001369 151.71823333333333 155.0 51 1.0
video_test_0001369 155.02153333333334 160.0 51 1.0
video_test_0001369 172.57240000000002 175.0 51 1.0
video_test_0001369 176.54303333333334 180.0 51 1.0
video_test_0001369 187.52066666666667 190.0 51 1.0
video_test_0001369 194.96143333333333 195.0 51 1.0
video_test_0001369 196.42956666666666 200.0 51 1.0
video_test_0001369 200.03316666666666 205.0 51 1.0
video_test_0001369 207.6074 210.0 51 1.0
video_test_0001369 219.6194 220.0 51 1.0
video_test_0001369 223.85696666666666 225.0 51 1.0
video_test_0001369 225.0 230.0 51 1.0
video_test_0001369 243.7435 245.0 51 1.0
video_test_0001369 249.58266666666668 250.0 51 1.0
video_test_0001369 250.0 255.0 51 1.0
video_test_0001369 272.1385333333333 275.0 51 1.0
video_test_0001369 287.9209666666667 290.0 51 1.0
video_test_0001369 290.15653333333336 295.0 51 1.0
video_test_0001369 309.37573333333336 310.0 51 1.0
video_test_0001369 311.9449666666667 315.0 51 1.0
video_test_0001369 329.5292 330.0 51 1.0
video_test_0001369 330.2966333333333 335.0 51 1.0
video_test_0001369 349.78276666666665 350.0 51 1.0
video_test_0001369 352.61893333333336 355.0 51 1.0
video_test_0001369 369.26890000000003 370.0 51 1.0
video_test_0001369 372.33863333333335 375.0 51 1.0
video_test_0001369 389.62256666666667 390.0 51 1.0
video_test_0001369 391.5244666666667 395.0 51 1.0
video_test_0001369 398.46473333333336 400.0 51 1.0
video_test_0001369 409.2088 410.0 51 1.0
video_test_0001369 414.98123333333336 415.0 51 1.0
video_test_0001369 415.01460000000003 420.0 51 1.0
video_test_0001369 429.99623333333335 430.0 51 1.0
video_test_0001369 432.29853333333335 435.0 51 1.0
video_test_0001369 439.80603333333335 440.0 51 1.0
video_test_0001369 458.1910666666667 460.0 51 1.0
video_test_0001369 463.0959666666667 465.0 51 1.0
video_test_0001369 465.26480000000004 470.0 51 1.0
video_test_0001369 488.2210666666667 490.0 51 1.0
video_test_0001369 493.42626666666666 495.0 51 1.0
video_test_0001369 495.82866666666666 500.0 51 1.0
video_test_0001369 519.0852333333333 520.0 51 1.0
video_test_0001369 522.7555666666667 525.0 51 1.0
video_test_0001389 2.1666666666666665 7.0 92 1.0
video_test_0001389 8.966666666666667 10.966666666666667 92 1.0
video_test_0001389 12.0 13.1 92 1.0
video_test_0001389 19.8 24.466666666666665 92 1.0
video_test_0001389 42.46666666666667 43.06666666666667 92 1.0
video_test_0001389 58.63333333333333 60.666666666666664 92 1.0
video_test_0001389 62.5 65.66666666666666 92 1.0
video_test_0001389 68.76666666666667 70.66666666666666 92 1.0
video_test_0001389 75.43333333333334 75.66666666666666 92 1.0
video_test_0001389 76.5 80.66666666666666 92 1.0
video_test_0001389 82.13333333333334 85.66666666666666 92 1.0
video_test_0001389 96.96666666666667 98.56666666666666 92 1.0
video_test_0001389 102.06666666666666 102.46666666666667 92 1.0
video_test_0001389 102.5 102.76666666666667 92 1.0
video_test_0001389 104.93333333333334 106.23333333333333 92 1.0
video_test_0001389 109.6 110.23333333333333 92 1.0
video_test_0001389 112.16666666666667 112.53333333333333 92 1.0
video_test_0001389 115.16666666666667 116.43333333333334 92 1.0
video_test_0001389 118.16666666666667 121.43333333333334 92 1.0
video_test_0001389 131.73333333333332 131.93333333333334 92 1.0
video_test_0001389 132.5 134.06666666666666 92 1.0
video_test_0001389 134.8 136.06666666666666 92 1.0
video_test_0001389 137.16666666666666 138.76666666666668 92 1.0
video_test_0001391 4.933333333333334 8.966666666666667 45 1.0
video_test_0001391 10.566666666666666 13.966666666666667 45 1.0
video_test_0001391 14.4 18.96666666666667 45 1.0
video_test_0001391 25.1 28.96666666666667 45 1.0
video_test_0001391 31.8 33.96666666666667 45 1.0
video_test_0001391 37.06666666666667 38.96666666666667 45 1.0
video_test_0001391 43.266666666666666 43.96666666666667 45 1.0
video_test_0001391 45.36666666666667 48.96666666666667 45 1.0
video_test_0001391 60.8 63.96666666666667 45 1.0
video_test_0001391 70.0 72.16666666666667 45 1.0
video_test_0001391 81.9 82.16666666666667 45 1.0
video_test_0001391 83.3 87.16666666666667 45 1.0
video_test_0001391 89.76666666666667 92.16666666666667 45 1.0
video_test_0001391 93.1 97.16666666666667 45 1.0
video_test_0001391 141.26666666666668 144.86666666666667 45 1.0
video_test_0001391 152.46666666666667 154.86666666666667 45 1.0
video_test_0001391 157.2 159.86666666666667 45 1.0
video_test_0001391 162.5 164.86666666666667 45 1.0
video_test_0001391 167.1 169.86666666666667 45 1.0
video_test_0001391 178.8 179.86666666666667 45 1.0
video_test_0001391 180.1 184.86666666666667 45 1.0
video_test_0001391 185.96666666666667 189.86666666666667 45 1.0
video_test_0001391 220.83333333333334 224.86666666666667 45 1.0
video_test_0001391 226.9 229.86666666666667 45 1.0
video_test_0001391 236.83333333333334 239.86666666666667 45 1.0
video_test_0001391 242.06666666666666 243.66666666666666 45 1.0
video_test_0001391 255.83333333333334 258.66666666666663 45 1.0
video_test_0001391 266.2 268.66666666666663 45 1.0
video_test_0001391 273.26666666666665 273.66666666666663 45 1.0
video_test_0001391 295.0 295.6 45 1.0
video_test_0001409 20.2 20.9 85 1.0
video_test_0001409 38.3 39.166666666666664 85 1.0
video_test_0001409 82.6 85.56666666666666 85 1.0
video_test_0001409 103.4 105.0 85 1.0
video_test_0001409 121.76666666666667 125.0 85 1.0
video_test_0001409 157.63333333333333 160.56666666666666 85 1.0
video_test_0001409 165.16666666666666 166.76666666666668 85 1.0
video_test_0001431 8.866666666666667 12.233333333333334 36 1.0
video_test_0001431 12.733333333333333 17.233333333333334 36 1.0
video_test_0001431 17.366666666666667 22.233333333333334 36 1.0
video_test_0001431 32.43333333333333 37.233333333333334 36 1.0
video_test_0001431 37.233333333333334 42.233333333333334 36 1.0
video_test_0001431 59.766666666666666 62.233333333333334 36 1.0
video_test_0001431 62.233333333333334 67.23333333333333 36 1.0
video_test_0001431 71.66666666666667 72.23333333333333 36 1.0
video_test_0001431 73.5 75.1 36 1.0
video_test_0001431 75.1 80.1 36 1.0
video_test_0001431 94.0 95.1 36 1.0
video_test_0001431 96.5 100.1 36 1.0
video_test_0001431 100.7 105.1 36 1.0
video_test_0001431 105.16666666666667 110.1 36 1.0
video_test_0001431 112.73333333333333 115.1 36 1.0
video_test_0001431 115.96666666666667 120.1 36 1.0
video_test_0001431 124.13333333333334 125.1 36 1.0
video_test_0001431 127.3 130.1 36 1.0
video_test_0001431 137.53333333333333 140.1 36 1.0
video_test_0001431 140.23333333333332 145.1 36 1.0
video_test_0001431 146.03333333333333 150.1 36 1.0
video_test_0001431 150.6 155.1 36 1.0
video_test_0001431 158.03333333333333 160.1 36 1.0
video_test_0001431 160.1 165.1 36 1.0
video_test_0001431 175.9 180.1 36 1.0
video_test_0001431 181.6 185.1 36 1.0
video_test_0001431 188.86666666666667 190.1 36 1.0
video_test_0001431 190.93333333333334 195.1 36 1.0
video_test_0001431 195.63333333333333 200.1 36 1.0
video_test_0001431 201.86666666666667 205.1 36 1.0
video_test_0001431 205.93333333333334 210.1 36 1.0
video_test_0001431 214.23333333333332 215.1 36 1.0
video_test_0001431 215.4 220.1 36 1.0
video_test_0001431 220.1 225.1 36 1.0
video_test_0001431 233.33333333333334 235.1 36 1.0
video_test_0001431 237.23333333333332 240.1 36 1.0
video_test_0001431 240.1 245.1 36 1.0
video_test_0001431 245.33333333333334 250.1 36 1.0
video_test_0001431 251.03333333333333 255.1 36 1.0
video_test_0001431 255.83333333333334 260.1 36 1.0
video_test_0001431 273.4 275.1 36 1.0
video_test_0001431 277.43333333333334 280.1 36 1.0
video_test_0001431 291.1 295.1 36 1.0
video_test_0001431 297.7 300.1 36 1.0
video_test_0001431 300.8 305.1 36 1.0
video_test_0001431 306.0 310.1 36 1.0
video_test_0001431 322.93333333333334 325.1 36 1.0
video_test_0001431 328.3333333333333 330.1 36 1.0
video_test_0001431 331.5 335.1 36 1.0
video_test_0001433 11.033333333333333 12.6 31 1.0
video_test_0001433 15.3 16.3 31 1.0
video_test_0001446 2.7333333333333334 7.866666666666666 45 1.0
video_test_0001446 14.666666666666666 17.866666666666667 45 1.0
video_test_0001446 28.033333333333335 27.866666666666667 45 1.0
video_test_0001446 30.5 32.86666666666667 45 1.0
video_test_0001446 35.5 37.86666666666667 45 1.0
video_test_0001446 39.96666666666667 42.86666666666667 45 1.0
video_test_0001446 46.1 47.86666666666667 45 1.0
video_test_0001446 48.63333333333333 52.86666666666667 45 1.0
video_test_0001446 56.8 57.86666666666667 45 1.0
video_test_0001446 64.93333333333334 67.86666666666667 45 1.0
video_test_0001446 69.03333333333333 72.86666666666667 45 1.0
video_test_0001446 74.93333333333334 77.86666666666667 45 1.0
video_test_0001446 87.0 87.86666666666667 45 1.0
video_test_0001446 90.4 92.86666666666667 45 1.0
video_test_0001446 95.16666666666667 97.86666666666667 45 1.0
video_test_0001446 102.76666666666667 102.86666666666667 45 1.0
video_test_0001446 106.36666666666666 107.86666666666667 45 1.0
video_test_0001446 108.5 112.86666666666667 45 1.0
video_test_0001446 116.13333333333334 117.86666666666667 45 1.0
video_test_0001446 122.1 122.86666666666667 45 1.0
video_test_0001446 129.73333333333332 130.86666666666667 45 1.0
video_test_0001446 132.26666666666668 135.86666666666667 45 1.0
video_test_0001446 136.76666666666668 140.86666666666667 45 1.0
video_test_0001446 141.0 145.86666666666667 45 1.0
video_test_0001446 149.43333333333334 150.86666666666667 45 1.0
video_test_0001446 153.63333333333333 155.86666666666667 45 1.0
video_test_0001446 159.0 160.86666666666667 45 1.0
video_test_0001446 161.96666666666667 165.86666666666667 45 1.0
video_test_0001446 168.73333333333332 170.86666666666667 45 1.0
video_test_0001446 174.06666666666666 175.86666666666667 45 1.0
video_test_0001446 178.96666666666667 180.86666666666667 45 1.0
video_test_0001446 187.76666666666668 190.86666666666667 45 1.0
video_test_0001446 190.93333333333334 195.86666666666667 45 1.0
video_test_0001446 199.56666666666666 200.86666666666667 45 1.0
video_test_0001446 203.66666666666666 205.86666666666667 45 1.0
video_test_0001446 211.9 215.86666666666667 45 1.0
video_test_0001446 224.5 226.1 45 1.0
video_test_0001446 228.96666666666667 231.1 45 1.0
video_test_0001446 231.7 236.1 45 1.0
video_test_0001446 239.7 241.1 45 1.0
video_test_0001446 246.96666666666667 246.1 45 1.0
video_test_0001446 250.53333333333333 251.1 45 1.0
video_test_0001446 251.23333333333332 256.1 45 1.0
video_test_0001446 257.6 261.1 45 1.0
video_test_0001446 261.6666666666667 266.1 45 1.0
video_test_0001446 268.2 271.1 45 1.0
video_test_0001446 273.9 276.1 45 1.0
video_test_0001447 90.9 94.4 7 1.0
video_test_0001447 111.63333333333334 112.16666666666667 7 1.0
video_test_0001447 164.56666666666666 165.06666666666666 7 1.0
video_test_0001447 167.1 170.06666666666666 7 1.0
video_test_0001447 173.26666666666668 174.86666666666667 7 1.0
video_test_0001447 201.4 203.0 7 1.0
video_test_0001447 205.0 206.0 7 1.0
video_test_0001447 225.16666666666666 225.66666666666666 7 1.0
video_test_0001452 18.466666666666665 19.433333333333334 97 1.0
video_test_0001452 26.533333333333335 27.933333333333334 97 1.0
video_test_0001452 28.666666666666668 30.266666666666666 97 1.0
video_test_0001452 32.766666666666666 35.266666666666666 97 1.0
video_test_0001459 7.88 10.0 51 1.0
video_test_0001459 11.52 15.0 51 1.0
video_test_0001459 22.8 25.0 51 1.0
video_test_0001459 25.52 30.0 51 1.0
video_test_0001459 70.12 70.0 51 1.0
video_test_0001459 74.84 75.0 51 1.0
video_test_0001459 75.0 80.0 51 1.0
video_test_0001459 92.68 95.0 51 1.0
video_test_0001459 96.12 100.0 51 1.0
video_test_0001459 148.64 150.0 51 1.0
video_test_0001459 150.84 155.0 51 1.0
video_test_0001459 164.96 165.0 51 1.0
video_test_0001459 165.68 170.0 51 1.0
video_test_0001459 171.36 175.0 51 1.0
video_test_0001459 178.16 180.0 51 1.0
video_test_0001459 181.6 185.0 51 1.0
video_test_0001459 187.6 190.0 51 1.0
video_test_0001459 196.28 200.0 51 1.0
video_test_0001459 208.36 210.0 51 1.0
video_test_0001459 210.32 215.0 51 1.0
video_test_0001459 216.52 220.0 51 1.0
video_test_0001459 221.64 225.0 51 1.0
video_test_0001459 240.64 240.0 51 1.0
video_test_0001459 244.36 245.0 51 1.0
video_test_0001459 245.2 250.0 51 1.0
video_test_0001459 258.0 260.0 51 1.0
video_test_0001459 262.72 265.0 51 1.0
video_test_0001459 284.6 285.0 51 1.0
video_test_0001459 287.76 290.0 51 1.0
video_test_0001459 303.72 305.0 51 1.0
video_test_0001459 319.64 320.0 51 1.0
video_test_0001459 320.96 325.0 51 1.0
video_test_0001459 337.76 340.0 51 1.0
video_test_0001459 340.28 345.0 51 1.0
video_test_0001459 353.56 355.0 51 1.0
video_test_0001459 355.68 360.0 51 1.0
video_test_0001459 368.4 370.0 51 1.0
video_test_0001459 384.6 385.0 51 1.0
video_test_0001459 388.92 390.0 51 1.0
video_test_0001459 403.76 405.0 51 1.0
video_test_0001459 407.4 410.0 51 1.0
video_test_0001459 434.76 435.0 51 1.0
video_test_0001459 438.24 440.0 51 1.0
video_test_0001459 450.24 450.0 51 1.0
video_test_0001459 480.12 481.28 51 1.0
video_test_0001459 484.48 486.28 51 1.0
video_test_0001459 498.16 501.28 51 1.0
video_test_0001459 503.6 506.28 51 1.0
video_test_0001459 520.28 521.28 51 1.0
video_test_0001459 522.84 526.28 51 1.0
video_test_0001459 530.88 531.28 51 1.0
video_test_0001459 534.6 536.28 51 1.0
video_test_0001459 544.32 546.28 51 1.0
video_test_0001459 548.16 551.28 51 1.0
video_test_0001459 557.88 561.28 51 1.0
video_test_0001459 562.92 566.28 51 1.0
video_test_0001459 570.8 571.28 51 1.0
video_test_0001459 574.48 576.28 51 1.0
video_test_0001459 595.4 596.28 51 1.0
video_test_0001459 596.44 601.28 51 1.0
video_test_0001459 613.92 616.28 51 1.0
video_test_0001459 619.0 621.28 51 1.0
video_test_0001459 622.24 626.28 51 1.0
video_test_0001459 633.36 636.28 51 1.0
video_test_0001459 637.84 641.28 51 1.0
video_test_0001459 643.2 646.28 51 1.0
video_test_0001459 656.88 656.28 51 1.0
video_test_0001459 661.04 661.28 51 1.0
video_test_0001459 661.28 666.28 51 1.0
video_test_0001459 676.16 676.28 51 1.0
video_test_0001459 680.76 681.28 51 1.0
video_test_0001459 681.44 686.28 51 1.0
video_test_0001459 699.64 701.28 51 1.0
video_test_0001459 702.84 706.28 51 1.0
video_test_0001459 715.08 716.28 51 1.0
video_test_0001459 717.04 721.28 51 1.0
video_test_0001459 721.52 726.28 51 1.0
video_test_0001459 736.24 736.28 51 1.0
video_test_0001459 739.68 741.28 51 1.0
video_test_0001459 741.56 746.28 51 1.0
video_test_0001459 750.76 751.28 51 1.0
video_test_0001459 758.6 761.28 51 1.0
video_test_0001459 761.64 766.28 51 1.0
video_test_0001459 767.6 771.28 51 1.0
video_test_0001459 784.44 786.28 51 1.0
video_test_0001459 786.88 791.28 51 1.0
video_test_0001459 800.72 801.28 51 1.0
video_test_0001459 805.2 806.28 51 1.0
video_test_0001459 806.48 811.28 51 1.0
video_test_0001460 3.1 3.8 24 1.0
video_test_0001460 3.8 3.9 24 1.0
video_test_0001460 3.933333333333333 7.866666666666666 24 1.0
video_test_0001460 14.266666666666667 14.866666666666667 24 1.0
video_test_0001460 15.233333333333333 19.866666666666667 24 1.0
video_test_0001460 26.066666666666666 27.733333333333334 24 1.0
video_test_0001460 2.8 3.7 23 1.0
video_test_0001463 5.033333333333333 5.7 97 1.0
video_test_0001463 9.2 10.7 97 1.0
video_test_0001463 10.833333333333334 11.566666666666666 97 1.0
video_test_0001463 13.066666666666666 14.633333333333333 97 1.0
video_test_0001463 16.1 19.633333333333333 97 1.0
video_test_0001463 33.53333333333333 34.8 97 1.0
video_test_0001463 39.06666666666667 40.166666666666664 97 1.0
video_test_0001463 44.266666666666666 44.86666666666667 97 1.0
video_test_0001463 46.7 47.3 97 1.0
video_test_0001463 51.0 52.6 97 1.0
video_test_0001463 53.733333333333334 55.166666666666664 97 1.0
video_test_0001463 58.7 59.3 97 1.0
video_test_0001463 59.8 60.4 97 1.0
video_test_0001463 64.93333333333334 65.03333333333333 97 1.0
video_test_0001463 66.33333333333333 67.9 97 1.0
video_test_0001463 71.56666666666666 72.96666666666667 97 1.0
video_test_0001463 72.96666666666667 73.23333333333333 97 1.0
video_test_0001463 77.86666666666666 78.56666666666666 97 1.0
video_test_0001463 81.1 83.56666666666666 97 1.0
video_test_0001463 87.13333333333334 88.73333333333333 97 1.0
video_test_0001463 88.96666666666667 93.73333333333333 97 1.0
video_test_0001463 95.36666666666666 96.13333333333334 97 1.0
video_test_0001463 100.63333333333334 101.8 97 1.0
video_test_0001468 1.4 6.2 93 1.0
video_test_0001468 9.8 11.2 93 1.0
video_test_0001468 16.3 16.2 93 1.0
video_test_0001468 16.533333333333335 18.133333333333333 93 1.0
video_test_0001468 23.9 25.5 93 1.0
video_test_0001468 29.833333333333332 31.433333333333334 93 1.0
video_test_0001468 36.3 36.43333333333334 93 1.0
video_test_0001468 40.53333333333333 42.13333333333333 93 1.0
video_test_0001468 44.0 45.6 93 1.0
video_test_0001468 48.03333333333333 49.0 93 1.0
video_test_0001468 52.833333333333336 54.03333333333333 93 1.0
video_test_0001468 58.56666666666667 60.166666666666664 93 1.0
video_test_0001468 64.5 66.1 93 1.0
video_test_0001468 70.86666666666666 71.1 93 1.0
video_test_0001468 75.63333333333334 77.23333333333333 93 1.0
video_test_0001468 84.9 86.23333333333333 93 1.0
video_test_0001468 88.9 90.5 93 1.0
video_test_0001468 92.33333333333333 95.5 93 1.0
video_test_0001468 97.66666666666667 99.26666666666667 93 1.0
video_test_0001468 103.06666666666666 104.26666666666667 93 1.0
video_test_0001468 109.1 109.26666666666667 93 1.0
video_test_0001468 111.36666666666666 114.26666666666667 93 1.0
video_test_0001468 176.46666666666667 177.06666666666666 93 1.0
video_test_0001468 132.23333333333332 133.73333333333335 21 1.0
video_test_0001468 136.9 138.73333333333335 21 1.0
video_test_0001468 139.1 143.73333333333335 21 1.0
video_test_0001468 143.9 148.73333333333335 21 1.0
video_test_0001468 148.73333333333335 153.73333333333335 21 1.0
video_test_0001483 20.0 21.6 21 1.0
video_test_0001483 21.6 26.6 21 1.0
video_test_0001483 26.7 26.8 21 1.0
video_test_0001483 26.9 31.8 21 1.0
video_test_0001484 48.36666666666667 50.0 85 1.0
video_test_0001484 51.36666666666667 55.0 85 1.0
video_test_0001484 57.53333333333333 59.03333333333333 85 1.0
video_test_0001484 60.7 61.7 85 1.0
video_test_0001484 63.733333333333334 66.7 85 1.0
video_test_0001484 66.96666666666667 71.7 85 1.0
video_test_0001484 124.06666666666666 125.66666666666667 85 1.0
video_test_0001484 127.23333333333333 130.66666666666669 85 1.0
video_test_0001484 131.56666666666666 135.66666666666669 85 1.0
video_test_0001484 136.9 137.9 85 1.0
video_test_0001484 140.43333333333334 142.03333333333333 85 1.0
video_test_0001484 142.26666666666668 143.83333333333334 85 1.0
video_test_0001484 143.96666666666667 144.06666666666666 85 1.0
video_test_0001484 144.06666666666666 144.13333333333333 85 1.0
video_test_0001484 144.13333333333333 144.2 85 1.0
video_test_0001484 192.86666666666667 194.2 85 1.0
video_test_0001484 195.2 199.2 85 1.0
video_test_0001484 199.7 200.26666666666668 85 1.0
video_test_0001495 2.9029000000000003 5.0 51 1.0
video_test_0001495 6.940266666666667 8.942266666666667 51 1.0
video_test_0001495 10.01 13.942266666666667 51 1.0
video_test_0001495 23.4234 23.94226666666667 51 1.0
video_test_0001495 24.5245 28.94226666666667 51 1.0
video_test_0001495 31.564866666666667 33.94226666666667 51 1.0
video_test_0001495 48.08136666666667 48.94226666666667 51 1.0
video_test_0001495 50.68396666666667 53.94226666666667 51 1.0
video_test_0001495 54.487766666666666 58.94226666666667 51 1.0
video_test_0001495 63.3633 63.94226666666667 51 1.0
video_test_0001495 65.5655 68.94226666666667 51 1.0
video_test_0001495 70.60386666666666 73.94226666666667 51 1.0
video_test_0001495 105.63886666666667 108.94226666666667 51 1.0
video_test_0001495 109.10900000000001 113.94226666666667 51 1.0
video_test_0001495 116.78333333333333 118.94226666666667 51 1.0
video_test_0001495 119.98653333333334 123.94226666666667 51 1.0
video_test_0001495 126.49303333333333 128.94226666666668 51 1.0
video_test_0001495 149.41593333333333 153.94226666666668 51 1.0
video_test_0001495 162.92943333333335 163.94226666666668 51 1.0
video_test_0001495 166.73323333333335 168.94226666666668 51 1.0
video_test_0001495 170.10326666666666 173.94226666666668 51 1.0
video_test_0001495 189.6895 193.94226666666668 51 1.0
video_test_0001495 203.16963333333334 203.94226666666668 51 1.0
video_test_0001495 205.3051 208.94226666666668 51 1.0
video_test_0001495 212.44556666666668 213.94226666666668 51 1.0
video_test_0001495 213.94226666666668 218.94226666666668 51 1.0
video_test_0001495 248.58166666666668 248.94226666666668 51 1.0
video_test_0001495 251.81823333333332 253.94226666666668 51 1.0
video_test_0001495 254.7545 258.9422666666667 51 1.0
video_test_0001495 265.8989666666667 268.9422666666667 51 1.0
video_test_0001495 269.30236666666667 273.9422666666667 51 1.0
video_test_0001495 274.0738 278.9422666666667 51 1.0
video_test_0001495 301.9349666666667 303.9422666666667 51 1.0
video_test_0001495 304.0704333333333 308.9422666666667 51 1.0
video_test_0001495 321.98833333333334 323.9422666666667 51 1.0
video_test_0001495 328.32800000000003 328.9422666666667 51 1.0
video_test_0001495 329.329 333.9422666666667 51 1.0
video_test_0001495 345.7454 348.9422666666667 51 1.0
video_test_0001495 349.4491 353.9422666666667 51 1.0
video_test_0001495 363.39636666666667 363.9422666666667 51 1.0
video_test_0001495 363.9636 368.9422666666667 51 1.0
video_test_0001495 369.5692 373.9422666666667 51 1.0
video_test_0001495 395.395 398.9422666666667 51 1.0
video_test_0001495 413.4463666666667 413.9422666666667 51 1.0
video_test_0001495 418.28453333333334 418.9422666666667 51 1.0
video_test_0001495 421.08733333333333 423.9422666666667 51 1.0
video_test_0001495 439.40563333333336 438.9422666666667 51 1.0
video_test_0001495 442.1417 443.9422666666667 51 1.0
video_test_0001495 444.0436 448.9422666666667 51 1.0
video_test_0001495 456.5561 458.9422666666667 51 1.0
video_test_0001495 460.92713333333336 463.9422666666667 51 1.0
video_test_0001495 467.66720000000004 468.9422666666667 51 1.0
video_test_0001495 468.9422666666667 473.9422666666667 51 1.0
video_test_0001495 494.8276666666667 498.9422666666667 51 1.0
video_test_0001495 509.0085 513.9422666666667 51 1.0
video_test_0001495 515.3481666666667 518.9422666666667 51 1.0
video_test_0001508 6.066666666666666 8.766666666666667 31 1.0
video_test_0001508 11.2 12.7 31 1.0
video_test_0001508 41.233333333333334 41.63333333333333 31 1.0
video_test_0001508 49.56666666666667 51.63333333333333 31 1.0
video_test_0001508 52.86666666666667 53.7 31 1.0
video_test_0001508 57.266666666666666 57.36666666666667 31 1.0
video_test_0001508 59.13333333333333 59.733333333333334 31 1.0
video_test_0001508 64.3 64.56666666666666 31 1.0
video_test_0001508 70.96666666666667 72.2 31 1.0
video_test_0001508 80.53333333333333 84.13333333333334 31 1.0
video_test_0001508 87.83333333333333 88.43333333333334 31 1.0
video_test_0001508 105.23333333333333 105.83333333333333 31 1.0
video_test_0001508 119.9 120.83333333333333 31 1.0
video_test_0001508 124.96666666666667 125.83333333333333 31 1.0
video_test_0001508 140.23333333333332 140.3 31 1.0
video_test_0001508 150.26666666666668 150.9 31 1.0
video_test_0001508 156.56666666666666 155.9 31 1.0
video_test_0001508 160.83333333333334 160.9 31 1.0
video_test_0001508 162.7 163.06666666666666 31 1.0
video_test_0001508 169.96666666666667 170.26666666666668 31 1.0
video_test_0001512 4.533333333333333 6.766666666666667 31 1.0
video_test_0001512 15.066666666666666 15.633333333333333 31 1.0
video_test_0001512 19.166666666666668 20.633333333333333 31 1.0
video_test_0001512 29.233333333333334 30.633333333333333 31 1.0
video_test_0001512 32.96666666666667 33.2 31 1.0
video_test_0001512 35.766666666666666 36.766666666666666 31 1.0
video_test_0001512 45.7 46.8 31 1.0
video_test_0001522 1.7333333333333334 3.966666666666667 92 1.0
video_test_0001522 4.7 8.133333333333333 92 1.0
video_test_0001522 10.766666666666667 12.366666666666667 92 1.0
video_test_0001522 13.4 14.666666666666666 92 1.0
video_test_0001522 16.533333333333335 19.666666666666664 92 1.0
video_test_0001522 19.766666666666666 20.366666666666667 92 1.0
video_test_0001522 23.5 25.366666666666667 92 1.0
video_test_0001522 26.2 30.366666666666667 92 1.0
video_test_0001522 31.4 35.36666666666667 92 1.0
video_test_0001527 3.2666666666666666 8.1 79 1.0
video_test_0001527 10.9 13.1 79 1.0
video_test_0001527 15.333333333333334 18.1 79 1.0
video_test_0001527 20.1 23.1 79 1.0
video_test_0001527 25.433333333333334 28.1 79 1.0
video_test_0001527 62.43333333333333 63.1 79 1.0
video_test_0001527 67.1 68.66666666666667 79 1.0
video_test_0001527 71.33333333333333 73.66666666666667 79 1.0
video_test_0001527 75.1 78.66666666666667 79 1.0
video_test_0001527 79.6 80.46666666666667 79 1.0
video_test_0001527 93.6 96.1 79 1.0
video_test_0001527 99.36666666666666 101.1 79 1.0
video_test_0001527 124.43333333333334 126.1 79 1.0
video_test_0001527 129.16666666666666 131.1 79 1.0
video_test_0001527 139.03333333333333 141.1 79 1.0
video_test_0001527 142.9 143.7 79 1.0
video_test_0001527 145.26666666666668 148.7 79 1.0
video_test_0001527 148.8 153.7 79 1.0
video_test_0001527 160.93333333333334 163.7 79 1.0
video_test_0001527 165.36666666666667 168.7 79 1.0
video_test_0001527 169.13333333333333 173.7 79 1.0
video_test_0001531 12.8 14.333333333333334 92 1.0
video_test_0001531 14.4 19.333333333333336 92 1.0
video_test_0001531 19.4 20.0 92 1.0
video_test_0001531 20.0 25.0 92 1.0
video_test_0001531 25.366666666666667 26.466666666666665 92 1.0
video_test_0001531 27.3 31.466666666666665 92 1.0
video_test_0001531 31.933333333333334 32.03333333333333 92 1.0
video_test_0001531 35.0 36.1 92 1.0
video_test_0001531 36.46666666666667 37.733333333333334 92 1.0
video_test_0001531 41.36666666666667 42.733333333333334 92 1.0
video_test_0001531 43.13333333333333 44.36666666666667 92 1.0
video_test_0001531 44.43333333333333 49.36666666666667 92 1.0
video_test_0001531 49.43333333333333 50.666666666666664 92 1.0
video_test_0001531 50.733333333333334 55.666666666666664 92 1.0
video_test_0001531 58.266666666666666 60.666666666666664 92 1.0
video_test_0001531 62.5 63.6 92 1.0
video_test_0001531 63.833333333333336 68.6 92 1.0
video_test_0001531 68.73333333333333 73.6 92 1.0
video_test_0001531 75.1 76.5 92 1.0
video_test_0001531 77.03333333333333 78.63333333333334 92 1.0
video_test_0001531 81.7 83.63333333333334 92 1.0
video_test_0001531 85.23333333333333 86.83333333333333 92 1.0
video_test_0001531 86.9 91.83333333333333 92 1.0
video_test_0001531 91.86666666666666 96.83333333333333 92 1.0
video_test_0001531 98.66666666666667 103.56666666666666 92 1.0
video_test_0001531 103.63333333333334 108.56666666666666 92 1.0
video_test_0001531 108.9 109.3 92 1.0
video_test_0001531 109.3 114.3 92 1.0
video_test_0001531 116.7 119.3 92 1.0
video_test_0001531 119.3 124.3 92 1.0
video_test_0001531 124.46666666666667 125.56666666666666 92 1.0
video_test_0001531 125.93333333333334 127.53333333333333 92 1.0
video_test_0001531 130.3 130.36666666666667 92 1.0
video_test_0001531 130.5 130.73333333333332 92 1.0
video_test_0001531 130.73333333333332 135.73333333333332 92 1.0
video_test_0001531 136.66666666666666 140.73333333333332 92 1.0
video_test_0001531 140.76666666666668 145.73333333333332 92 1.0
video_test_0001531 145.83333333333334 146.93333333333334 92 1.0
video_test_0001531 152.03333333333333 156.93333333333334 92 1.0
video_test_0001531 157.23333333333332 161.93333333333334 92 1.0
video_test_0001531 179.83333333333334 181.1 92 1.0
video_test_0001531 181.1 182.7 92 1.0
video_test_0001531 182.7 187.7 92 1.0
video_test_0001531 187.7 192.7 92 1.0
video_test_0001531 195.5 197.7 92 1.0
video_test_0001531 199.3 199.4 92 1.0
video_test_0001531 203.43333333333334 204.83333333333334 92 1.0
video_test_0001531 205.7 209.83333333333334 92 1.0
video_test_0001531 212.4 213.66666666666666 92 1.0
